WL,AW_SB81,AW_P93,AW_PF97,BW_SB81,BBW,KW_SB81,KW_P93,KW_PF97
200.000,3.070000,,,0.1510000,0.07550000,3.145500,,
200.500,3.016000,,,0.1494000,0.07470000,3.090700,,
201.000,2.962000,,,0.1478000,0.07390000,3.035900,,
201.500,2.908000,,,0.1462000,0.07310000,2.981100,,
202.000,2.854000,,,0.1446000,0.07230000,2.926300,,
202.500,2.800000,,,0.1430000,0.07150000,2.871500,,
203.000,2.746000,,,0.1414000,0.07070000,2.816700,,
203.500,2.692000,,,0.1398000,0.06990000,2.761900,,
204.000,2.638000,,,0.1382000,0.06910000,2.707100,,
204.500,2.584000,,,0.1366000,0.06830000,2.652300,,
205.000,2.530000,,,0.1350000,0.06750000,2.597500,,
205.500,2.476000,,,0.1334000,0.06670000,2.542700,,
206.000,2.422000,,,0.1318000,0.06590000,2.487900,,
206.500,2.368000,,,0.1302000,0.06510000,2.433100,,
207.000,2.314000,,,0.1286000,0.06430000,2.378300,,
207.500,2.260000,,,0.1270000,0.06350000,2.323500,,
208.000,2.206000,,,0.1254000,0.06270000,2.268700,,
208.500,2.152000,,,0.1238000,0.06190000,2.213900,,
209.000,2.098000,,,0.1222000,0.06110000,2.159100,,
209.500,2.044000,,,0.1206000,0.06030000,2.104300,,
210.000,1.990000,,,0.1190000,0.05950000,2.049500,,
210.500,1.956000,,,0.1180250,0.05901250,2.015013,,
211.000,1.922000,,,0.1170500,0.05852500,1.980525,,
211.500,1.888000,,,0.1160750,0.05803750,1.946038,,
212.000,1.854000,,,0.1151000,0.05755000,1.911550,,
212.500,1.820000,,,0.1141250,0.05706250,1.877063,,
213.000,1.786000,,,0.1131500,0.05657500,1.842575,,
213.500,1.752000,,,0.1121750,0.05608750,1.808087,,
214.000,1.718000,,,0.1112000,0.05560000,1.773600,,
214.500,1.684000,,,0.1102250,0.05511250,1.739112,,
215.000,1.650000,,,0.1092500,0.05462500,1.704625,,
215.500,1.616000,,,0.1082750,0.05413750,1.670138,,
216.000,1.582000,,,0.1073000,0.05365000,1.635650,,
216.500,1.548000,,,0.1063250,0.05316250,1.601162,,
217.000,1.514000,,,0.1053500,0.05267500,1.566675,,
217.500,1.480000,,,0.1043750,0.05218750,1.532187,,
218.000,1.446000,,,0.1034000,0.05170000,1.497700,,
218.500,1.412000,,,0.1024250,0.05121250,1.463212,,
219.000,1.378000,,,0.1014500,0.05072500,1.428725,,
219.500,1.344000,,,0.1004750,0.05023750,1.394238,,
220.000,1.310000,,,0.09950000,0.04975000,1.359750,,
220.500,1.290850,,,0.09862500,0.04931250,1.340163,,
221.000,1.271700,,,0.09775000,0.04887500,1.320575,,
221.500,1.252550,,,0.09687500,0.04843750,1.300987,,
222.000,1.233400,,,0.09600000,0.04800000,1.281400,,
222.500,1.214250,,,0.09512500,0.04756250,1.261812,,
223.000,1.195100,,,0.09425000,0.04712500,1.242225,,
223.500,1.175950,,,0.09337500,0.04668750,1.222638,,
224.000,1.156800,,,0.09250000,0.04625000,1.203050,,
224.500,1.137650,,,0.09162500,0.04581250,1.183463,,
225.000,1.118500,,,0.09075000,0.04537500,1.163875,,
225.500,1.099350,,,0.08987500,0.04493750,1.144287,,
226.000,1.080200,,,0.08900000,0.04450000,1.124700,,
226.500,1.061050,,,0.08812500,0.04406250,1.105113,,
227.000,1.041900,,,0.08725000,0.04362500,1.085525,,
227.500,1.022750,,,0.08637500,0.04318750,1.065938,,
228.000,1.003600,,,0.08550000,0.04275000,1.046350,,
228.500,0.9844500,,,0.08462500,0.04231250,1.026762,,
229.000,0.9653000,,,0.08375000,0.04187500,1.007175,,
229.500,0.9461500,,,0.08287500,0.04143750,0.9875875,,
230.000,0.9270000,,,0.08200000,0.04100000,0.9680000,,
230.500,0.9166500,,,0.08132500,0.04066250,0.9573125,,
231.000,0.9063000,,,0.08065000,0.04032500,0.9466250,,
231.500,0.8959500,,,0.07997500,0.03998750,0.9359375,,
232.000,0.8856000,,,0.07930000,0.03965000,0.9252500,,
232.500,0.8752500,,,0.07862500,0.03931250,0.9145625,,
233.000,0.8649000,,,0.07795000,0.03897500,0.9038750,,
233.500,0.8545500,,,0.07727500,0.03863750,0.8931875,,
234.000,0.8442000,,,0.07660000,0.03830000,0.8825000,,
234.500,0.8338500,,,0.07592500,0.03796250,0.8718125,,
235.000,0.8235000,,,0.07525000,0.03762500,0.8611250,,
235.500,0.8131500,,,0.07457500,0.03728750,0.8504375,,
236.000,0.8028000,,,0.07390000,0.03695000,0.8397500,,
236.500,0.7924500,,,0.07322500,0.03661250,0.8290625,,
237.000,0.7821000,,,0.07255000,0.03627500,0.8183750,,
237.500,0.7717500,,,0.07187500,0.03593750,0.8076875,,
238.000,0.7614000,,,0.07120000,0.03560000,0.7970000,,
238.500,0.7510500,,,0.07052500,0.03526250,0.7863125,,
239.000,0.7407000,,,0.06985000,0.03492500,0.7756250,,
239.500,0.7303500,,,0.06917500,0.03458750,0.7649375,,
240.000,0.7200000,,,0.06850000,0.03425000,0.7542500,,
240.500,0.7119500,,,0.06795000,0.03397500,0.7459250,,
241.000,0.7039000,,,0.06740000,0.03370000,0.7376000,,
241.500,0.6958500,,,0.06685000,0.03342500,0.7292750,,
242.000,0.6878000,,,0.06630000,0.03315000,0.7209500,,
242.500,0.6797500,,,0.06575000,0.03287500,0.7126250,,
243.000,0.6717000,,,0.06520000,0.03260000,0.7043000,,
243.500,0.6636500,,,0.06465000,0.03232500,0.6959749,,
244.000,0.6556000,,,0.06410000,0.03205000,0.6876500,,
244.500,0.6475500,,,0.06355000,0.03177500,0.6793250,,
245.000,0.6395000,,,0.06300000,0.03150000,0.6710000,,
245.500,0.6314500,,,0.06245000,0.03122500,0.6626750,,
246.000,0.6234000,,,0.06190000,0.03095000,0.6543500,,
246.500,0.6153500,,,0.06135000,0.03067500,0.6460250,,
247.000,0.6073000,,,0.06080000,0.03040000,0.6377000,,
247.500,0.5992500,,,0.06025000,0.03012500,0.6293750,,
248.000,0.5912000,,,0.05970000,0.02985000,0.6210500,,
248.500,0.5831500,,,0.05915000,0.02957500,0.6127250,,
249.000,0.5751000,,,0.05860000,0.02930000,0.6044000,,
249.500,0.5670500,,,0.05805000,0.02902500,0.5960750,,
250.000,0.5590000,,,0.05750000,0.02875000,0.5877500,,
250.500,0.5539000,,,0.05705000,0.02852500,0.5824250,,
251.000,0.5488000,,,0.05660000,0.02830000,0.5771000,,
251.500,0.5437000,,,0.05615000,0.02807500,0.5717750,,
252.000,0.5386000,,,0.05570000,0.02785000,0.5664500,,
252.500,0.5335000,,,0.05525000,0.02762500,0.5611250,,
253.000,0.5284000,,,0.05480000,0.02740000,0.5558000,,
253.500,0.5233000,,,0.05435000,0.02717500,0.5504750,,
254.000,0.5182000,,,0.05390000,0.02695000,0.5451500,,
254.500,0.5131000,,,0.05345000,0.02672500,0.5398250,,
255.000,0.5080000,,,0.05300000,0.02650000,0.5345000,,
255.500,0.5029000,,,0.05255000,0.02627500,0.5291750,,
256.000,0.4978000,,,0.05210000,0.02605000,0.5238500,,
256.500,0.4927000,,,0.05165000,0.02582500,0.5185250,,
257.000,0.4876000,,,0.05120000,0.02560000,0.5132000,,
257.500,0.4825000,,,0.05075000,0.02537500,0.5078750,,
258.000,0.4774000,,,0.05030000,0.02515000,0.5025500,,
258.500,0.4723000,,,0.04985000,0.02492500,0.4972250,,
259.000,0.4672000,,,0.04940000,0.02470000,0.4919000,,
259.500,0.4621000,,,0.04895000,0.02447500,0.4865750,,
260.000,0.4570000,,,0.04850000,0.02425000,0.4812500,,
260.500,0.4528000,,,0.04815000,0.02407500,0.4768750,,
261.000,0.4486000,,,0.04780000,0.02390000,0.4725000,,
261.500,0.4444000,,,0.04745000,0.02372500,0.4681250,,
262.000,0.4402000,,,0.04710000,0.02355000,0.4637500,,
262.500,0.4360000,,,0.04675000,0.02337500,0.4593750,,
263.000,0.4318000,,,0.04640000,0.02320000,0.4550000,,
263.500,0.4276000,,,0.04605000,0.02302500,0.4506250,,
264.000,0.4234000,,,0.04570000,0.02285000,0.4462500,,
264.500,0.4192000,,,0.04535000,0.02267500,0.4418750,,
265.000,0.4150000,,,0.04500000,0.02250000,0.4375000,,
265.500,0.4108000,,,0.04465000,0.02232500,0.4331250,,
266.000,0.4066000,,,0.04430000,0.02215000,0.4287500,,
266.500,0.4024000,,,0.04395000,0.02197500,0.4243750,,
267.000,0.3982000,,,0.04360000,0.02180000,0.4200000,,
267.500,0.3940000,,,0.04325000,0.02162500,0.4156250,,
268.000,0.3898000,,,0.04290000,0.02145000,0.4112500,,
268.500,0.3856000,,,0.04255000,0.02127500,0.4068750,,
269.000,0.3814000,,,0.04220000,0.02110000,0.4025000,,
269.500,0.3772000,,,0.04185000,0.02092500,0.3981250,,
270.000,0.3730000,,,0.04150000,0.02075000,0.3937500,,
270.500,0.3687500,,,0.04119000,0.02059500,0.3893450,,
271.000,0.3645000,,,0.04088000,0.02044000,0.3849400,,
271.500,0.3602500,,,0.04057000,0.02028500,0.3805350,,
272.000,0.3560000,,,0.04026000,0.02013000,0.3761300,,
272.500,0.3517500,,,0.03995000,0.01997500,0.3717250,,
273.000,0.3475000,,,0.03964000,0.01982000,0.3673200,,
273.500,0.3432500,,,0.03933000,0.01966500,0.3629150,,
274.000,0.3390000,,,0.03902000,0.01951000,0.3585100,,
274.500,0.3347500,,,0.03871000,0.01935500,0.3541050,,
275.000,0.3305000,,,0.03840000,0.01920000,0.3497000,,
275.500,0.3262500,,,0.03809000,0.01904500,0.3452950,,
276.000,0.3220000,,,0.03778000,0.01889000,0.3408900,,
276.500,0.3177500,,,0.03747000,0.01873500,0.3364850,,
277.000,0.3135000,,,0.03716000,0.01858000,0.3320800,,
277.500,0.3092500,,,0.03685000,0.01842500,0.3276750,,
278.000,0.3050000,,,0.03654000,0.01827000,0.3232700,,
278.500,0.3007500,,,0.03623000,0.01811500,0.3188650,,
279.000,0.2965000,,,0.03592000,0.01796000,0.3144600,,
279.500,0.2922500,,,0.03561000,0.01780500,0.3100550,,
280.000,0.2880000,,,0.03530000,0.01765000,0.3056500,,
280.500,0.2843500,,,0.03506000,0.01753000,0.3018800,,
281.000,0.2807000,,,0.03482000,0.01741000,0.2981100,,
281.500,0.2770500,,,0.03458000,0.01729000,0.2943400,,
282.000,0.2734000,,,0.03434000,0.01717000,0.2905700,,
282.500,0.2697500,,,0.03410000,0.01705000,0.2868000,,
283.000,0.2661000,,,0.03386000,0.01693000,0.2830300,,
283.500,0.2624500,,,0.03362000,0.01681000,0.2792600,,
284.000,0.2588000,,,0.03338000,0.01669000,0.2754900,,
284.500,0.2551500,,,0.03314000,0.01657000,0.2717200,,
285.000,0.2515000,,,0.03290000,0.01645000,0.2679500,,
285.500,0.2478500,,,0.03266000,0.01633000,0.2641800,,
286.000,0.2442000,,,0.03242000,0.01621000,0.2604100,,
286.500,0.2405500,,,0.03218000,0.01609000,0.2566400,,
287.000,0.2369000,,,0.03194000,0.01597000,0.2528700,,
287.500,0.2332500,,,0.03170000,0.01585000,0.2491000,,
288.000,0.2296000,,,0.03146000,0.01573000,0.2453300,,
288.500,0.2259500,,,0.03122000,0.01561000,0.2415600,,
289.000,0.2223000,,,0.03098000,0.01549000,0.2377900,,
289.500,0.2186500,,,0.03074000,0.01537000,0.2340200,,
290.000,0.2150000,,,0.03050000,0.01525000,0.2302500,,
290.500,0.2113000,,,0.03028500,0.01514250,0.2264425,,
291.000,0.2076000,,,0.03007000,0.01503500,0.2226350,,
291.500,0.2039000,,,0.02985500,0.01492750,0.2188275,,
292.000,0.2002000,,,0.02964000,0.01482000,0.2150200,,
292.500,0.1965000,,,0.02942500,0.01471250,0.2112125,,
293.000,0.1928000,,,0.02921000,0.01460500,0.2074050,,
293.500,0.1891000,,,0.02899500,0.01449750,0.2035975,,
294.000,0.1854000,,,0.02878000,0.01439000,0.1997900,,
294.500,0.1817000,,,0.02856500,0.01428250,0.1959825,,
295.000,0.1780000,,,0.02835000,0.01417500,0.1921750,,
295.500,0.1743000,,,0.02813500,0.01406750,0.1883675,,
296.000,0.1706000,,,0.02792000,0.01396000,0.1845600,,
296.500,0.1669000,,,0.02770500,0.01385250,0.1807525,,
297.000,0.1632000,,,0.02749000,0.01374500,0.1769450,,
297.500,0.1595000,,,0.02727500,0.01363750,0.1731375,,
298.000,0.1558000,,,0.02706000,0.01353000,0.1693300,,
298.500,0.1521000,,,0.02684500,0.01342250,0.1655225,,
299.000,0.1484000,,,0.02663000,0.01331500,0.1617150,,
299.500,0.1447000,,,0.02641500,0.01320750,0.1579075,,
300.000,0.1410000,,,0.02620000,0.01310000,0.1541000,,
300.500,0.1392000,,,0.02603500,0.01301750,0.1522175,,
301.000,0.1374000,,,0.02587000,0.01293500,0.1503350,,
301.500,0.1356000,,,0.02570500,0.01285250,0.1484525,,
302.000,0.1338000,,,0.02554000,0.01277000,0.1465700,,
302.500,0.1320000,,,0.02537500,0.01268750,0.1446875,,
303.000,0.1302000,,,0.02521000,0.01260500,0.1428050,,
303.500,0.1284000,,,0.02504500,0.01252250,0.1409225,,
304.000,0.1266000,,,0.02488000,0.01244000,0.1390400,,
304.500,0.1248000,,,0.02471500,0.01235750,0.1371575,,
305.000,0.1230000,,,0.02455000,0.01227500,0.1352750,,
305.500,0.1212000,,,0.02438500,0.01219250,0.1333925,,
306.000,0.1194000,,,0.02422000,0.01211000,0.1315100,,
306.500,0.1176000,,,0.02405500,0.01202750,0.1296275,,
307.000,0.1158000,,,0.02389000,0.01194500,0.1277450,,
307.500,0.1140000,,,0.02372500,0.01186250,0.1258625,,
308.000,0.1122000,,,0.02356000,0.01178000,0.1239800,,
308.500,0.1104000,,,0.02339500,0.01169750,0.1220975,,
309.000,0.1086000,,,0.02323000,0.01161500,0.1202150,,
309.500,0.1068000,,,0.02306500,0.01153250,0.1183325,,
310.000,0.1050000,,,0.02290000,0.01145000,0.1164500,,
310.500,0.1039700,,,0.02275500,0.01137750,0.1153475,,
311.000,0.1029400,,,0.02261000,0.01130500,0.1142450,,
311.500,0.1019100,,,0.02246500,0.01123250,0.1131425,,
312.000,0.1008800,,,0.02232000,0.01116000,0.1120400,,
312.500,0.09985000,,,0.02217500,0.01108750,0.1109375,,
313.000,0.09882000,,,0.02203000,0.01101500,0.1098350,,
313.500,0.09779000,,,0.02188500,0.01094250,0.1087325,,
314.000,0.09676000,,,0.02174000,0.01087000,0.1076300,,
314.500,0.09573000,,,0.02159500,0.01079750,0.1065275,,
315.000,0.09470000,,,0.02145000,0.01072500,0.1054250,,
315.500,0.09367000,,,0.02130500,0.01065250,0.1043225,,
316.000,0.09264000,,,0.02116000,0.01058000,0.1032200,,
316.500,0.09161000,,,0.02101500,0.01050750,0.1021175,,
317.000,0.09058000,,,0.02087000,0.01043500,0.1010150,,
317.500,0.08955000,,,0.02072500,0.01036250,0.09991250,,
318.000,0.08852000,,,0.02058000,0.01029000,0.09880999,,
318.500,0.08749000,,,0.02043500,0.01021750,0.09770750,,
319.000,0.08646000,,,0.02029000,0.01014500,0.09660500,,
319.500,0.08543000,,,0.02014500,0.01007250,0.09550250,,
320.000,0.08440000,,,0.02000000,0.01000000,0.09440000,,
320.500,0.08357000,,,0.01987500,0.009937500,0.09350751,,
321.000,0.08274000,,,0.01975000,0.009875000,0.09261500,,
321.500,0.08191000,,,0.01962500,0.009812500,0.09172250,,
322.000,0.08108000,,,0.01950000,0.009750000,0.09083000,,
322.500,0.08025000,,,0.01937500,0.009687500,0.08993750,,
323.000,0.07942000,,,0.01925000,0.009625000,0.08904500,,
323.500,0.07859000,,,0.01912500,0.009562500,0.08815250,,
324.000,0.07776000,,,0.01900000,0.009500000,0.08726000,,
324.500,0.07693000,,,0.01887500,0.009437500,0.08636750,,
325.000,0.07610000,,,0.01875000,0.009375000,0.08547500,,
325.500,0.07527000,,,0.01862500,0.009312500,0.08458250,,
326.000,0.07444000,,,0.01850000,0.009250000,0.08369000,,
326.500,0.07361000,,,0.01837500,0.009187500,0.08279750,,
327.000,0.07278000,,,0.01825000,0.009125000,0.08190500,,
327.500,0.07195000,,,0.01812500,0.009062500,0.08101250,,
328.000,0.07112000,,,0.01800000,0.009000000,0.08012000,,
328.500,0.07029000,,,0.01787500,0.008937500,0.07922750,,
329.000,0.06946000,,,0.01775000,0.008875000,0.07833499,,
329.500,0.06863000,,,0.01762500,0.008812500,0.07744250,,
330.000,0.06780000,,,0.01750000,0.008750000,0.07655000,,
330.500,0.06721500,,,0.01739000,0.008695000,0.07591000,,
331.000,0.06663000,,,0.01728000,0.008640000,0.07527000,,
331.500,0.06604500,,,0.01717000,0.008585000,0.07463000,,
332.000,0.06546000,,,0.01706000,0.008530000,0.07398999,,
332.500,0.06487500,,,0.01695000,0.008475000,0.07335000,,
333.000,0.06429000,,,0.01684000,0.008420000,0.07271000,,
333.500,0.06370500,,,0.01673000,0.008365000,0.07207000,,
334.000,0.06312000,,,0.01662000,0.008310000,0.07143000,,
334.500,0.06253500,,,0.01651000,0.008255000,0.07079000,,
335.000,0.06195000,,,0.01640000,0.008200000,0.07015000,,
335.500,0.06136500,,,0.01629000,0.008145000,0.06951000,,
336.000,0.06078000,,,0.01618000,0.008090000,0.06887000,,
336.500,0.06019500,,,0.01607000,0.008035000,0.06823000,,
337.000,0.05961000,,,0.01596000,0.007980000,0.06759000,,
337.500,0.05902500,,,0.01585000,0.007925000,0.06695000,,
338.000,0.05844000,,,0.01574000,0.007870000,0.06631000,,
338.500,0.05785500,,,0.01563000,0.007815000,0.06567000,,
339.000,0.05727000,,,0.01552000,0.007760000,0.06503000,,
339.500,0.05668500,,,0.01541000,0.007705000,0.06439000,,
340.000,0.05610000,,0.03250000,0.01530000,0.007650000,0.06375000,,0.04015000
340.500,0.05561000,,0.03189500,0.01520500,0.007602500,0.06321250,,0.03949750
341.000,0.05512000,,0.03129000,0.01511000,0.007555000,0.06267500,,0.03884500
341.500,0.05463000,,0.03068500,0.01501500,0.007507500,0.06213750,,0.03819250
342.000,0.05414000,,0.03008000,0.01492000,0.007460000,0.06160000,,0.03754000
342.500,0.05365000,,0.02947500,0.01482500,0.007412500,0.06106250,,0.03688750
343.000,0.05316000,,0.02887000,0.01473000,0.007365000,0.06052500,,0.03623500
343.500,0.05267000,,0.02826500,0.01463500,0.007317500,0.05998750,,0.03558250
344.000,0.05218000,,0.02766000,0.01454000,0.007270000,0.05945000,,0.03493000
344.500,0.05169000,,0.02705500,0.01444500,0.007222500,0.05891250,,0.03427750
345.000,0.05120000,,0.02645000,0.01435000,0.007175000,0.05837500,,0.03362500
345.500,0.05071000,,0.02584500,0.01425500,0.007127500,0.05783750,,0.03297250
346.000,0.05022000,,0.02524000,0.01416000,0.007080000,0.05730000,,0.03232000
346.500,0.04973000,,0.02463500,0.01406500,0.007032500,0.05676250,,0.03166750
347.000,0.04924000,,0.02403000,0.01397000,0.006985000,0.05622500,,0.03101500
347.500,0.04875000,,0.02342500,0.01387500,0.006937500,0.05568750,,0.03036250
348.000,0.04826000,,0.02282000,0.01378000,0.006890000,0.05515000,,0.02971000
348.500,0.04777000,,0.02221500,0.01368500,0.006842500,0.05461250,,0.02905750
349.000,0.04728000,,0.02161000,0.01359000,0.006795000,0.05407500,,0.02840500
349.500,0.04679000,,0.02100500,0.01349500,0.006747500,0.05353750,,0.02775250
350.000,0.04630000,,0.02040000,0.01340000,0.006700000,0.05300000,,0.02710000
350.500,0.04588000,,0.02016000,0.01333000,0.006665000,0.05254500,,0.02682500
351.000,0.04546000,,0.01992000,0.01326000,0.006630000,0.05209000,,0.02655000
351.500,0.04504000,,0.01968000,0.01319000,0.006595000,0.05163500,,0.02627500
352.000,0.04462000,,0.01944000,0.01312000,0.006560000,0.05118000,,0.02600000
352.500,0.04420000,,0.01920000,0.01305000,0.006525000,0.05072500,,0.02572500
353.000,0.04378000,,0.01896000,0.01298000,0.006490000,0.05027000,,0.02545000
353.500,0.04336000,,0.01872000,0.01291000,0.006455000,0.04981500,,0.02517500
354.000,0.04294000,,0.01848000,0.01284000,0.006420000,0.04936000,,0.02490000
354.500,0.04252000,,0.01824000,0.01277000,0.006385000,0.04890500,,0.02462500
355.000,0.04210000,,0.01800000,0.01270000,0.006350000,0.04845000,,0.02435000
355.500,0.04168000,,0.01776000,0.01263000,0.006315000,0.04799500,,0.02407500
356.000,0.04126000,,0.01752000,0.01256000,0.006280000,0.04754000,,0.02380000
356.500,0.04084000,,0.01728000,0.01249000,0.006245000,0.04708500,,0.02352500
357.000,0.04042000,,0.01704000,0.01242000,0.006210000,0.04663000,,0.02325000
357.500,0.04000000,,0.01680000,0.01235000,0.006175000,0.04617500,,0.02297500
358.000,0.03958000,,0.01656000,0.01228000,0.006140000,0.04572000,,0.02270000
358.500,0.03916000,,0.01632000,0.01221000,0.006105000,0.04526500,,0.02242500
359.000,0.03874000,,0.01608000,0.01214000,0.006070000,0.04481000,,0.02215000
359.500,0.03832000,,0.01584000,0.01207000,0.006035000,0.04435500,,0.02187500
360.000,0.03790000,,0.01560000,0.01200000,0.006000000,0.04390000,,0.02160000
360.500,0.03750500,,0.01539000,0.01193000,0.005965000,0.04347000,,0.02135500
361.000,0.03711000,,0.01518000,0.01186000,0.005930000,0.04304000,,0.02111000
361.500,0.03671500,,0.01497000,0.01179000,0.005895000,0.04261000,,0.02086500
362.000,0.03632000,,0.01476000,0.01172000,0.005860000,0.04218000,,0.02062000
362.500,0.03592500,,0.01455000,0.01165000,0.005825000,0.04175000,,0.02037500
363.000,0.03553000,,0.01434000,0.01158000,0.005790000,0.04132000,,0.02013000
363.500,0.03513500,,0.01413000,0.01151000,0.005755000,0.04089000,,0.01988500
364.000,0.03474000,,0.01392000,0.01144000,0.005720000,0.04046000,,0.01964000
364.500,0.03434500,,0.01371000,0.01137000,0.005685000,0.04003000,,0.01939500
365.000,0.03395000,,0.01350000,0.01130000,0.005650000,0.03960000,,0.01915000
365.500,0.03355500,,0.01329000,0.01123000,0.005615000,0.03917000,,0.01890500
366.000,0.03316000,,0.01308000,0.01116000,0.005580000,0.03874000,,0.01866000
366.500,0.03276500,,0.01287000,0.01109000,0.005545000,0.03831000,,0.01841500
367.000,0.03237000,,0.01266000,0.01102000,0.005510000,0.03788000,,0.01817000
367.500,0.03197500,,0.01245000,0.01095000,0.005475000,0.03745000,,0.01792500
368.000,0.03158000,,0.01224000,0.01088000,0.005440000,0.03702000,,0.01768000
368.500,0.03118500,,0.01203000,0.01081000,0.005405000,0.03659000,,0.01743500
369.000,0.03079000,,0.01182000,0.01074000,0.005370000,0.03616000,,0.01719000
369.500,0.03039500,,0.01161000,0.01067000,0.005335000,0.03573000,,0.01694500
370.000,0.03000000,,0.01140000,0.01060000,0.005300000,0.03530000,,0.01670000
370.500,0.02960000,,0.01139850,0.01054000,0.005270000,0.03487000,,0.01666850
371.000,0.02920000,,0.01139700,0.01048000,0.005240000,0.03444000,,0.01663700
371.500,0.02880000,,0.01139550,0.01042000,0.005210000,0.03401000,,0.01660550
372.000,0.02840000,,0.01139400,0.01036000,0.005180000,0.03358000,,0.01657400
372.500,0.02800000,,0.01139250,0.01030000,0.005150000,0.03315000,,0.01654250
373.000,0.02760000,,0.01139100,0.01024000,0.005120000,0.03272000,,0.01651100
373.500,0.02720000,,0.01138950,0.01018000,0.005090000,0.03229000,,0.01647950
374.000,0.02680000,,0.01138800,0.01012000,0.005060000,0.03186000,,0.01644800
374.500,0.02640000,,0.01138650,0.01006000,0.005030000,0.03143000,,0.01641650
375.000,0.02600000,,0.01138500,0.01000000,0.005000000,0.03100000,,0.01638500
375.500,0.02560000,,0.01138350,0.009940000,0.004970000,0.03057000,,0.01635350
376.000,0.02520000,,0.01138200,0.009880000,0.004940000,0.03014000,,0.01632200
376.500,0.02480000,,0.01138050,0.009820000,0.004910000,0.02971000,,0.01629050
377.000,0.02440000,,0.01137900,0.009760000,0.004880000,0.02928000,,0.01625900
377.500,0.02400000,,0.01137750,0.009700000,0.004850000,0.02885000,,0.01622750
378.000,0.02360000,,0.01137600,0.009640000,0.004820000,0.02842000,,0.01619600
378.500,0.02320000,,0.01137450,0.009580000,0.004790000,0.02799000,,0.01616450
379.000,0.02280000,,0.01137300,0.009520000,0.004760000,0.02756000,,0.01613300
379.500,0.02240000,,0.01137150,0.009460000,0.004730000,0.02713000,,0.01610150
380.000,0.02200000,,0.01137000,0.009400000,0.004700000,0.02670000,,0.01607000
380.500,0.02185500,,0.01118400,0.009350000,0.004675000,0.02653000,,0.01585900
381.000,0.02171000,,0.01099800,0.009300000,0.004650000,0.02636000,,0.01564800
381.500,0.02156500,,0.01081200,0.009250000,0.004625000,0.02619000,,0.01543700
382.000,0.02142000,,0.01062600,0.009200000,0.004600000,0.02602000,,0.01522600
382.500,0.02127500,0.01020000,0.01044000,0.009150000,0.004575000,0.02585000,0.01477500,0.01501500
383.000,0.02113000,0.01006000,0.01023400,0.009100000,0.004550000,0.02568000,0.01461000,0.01478400
383.500,0.02098500,0.009920000,0.01002800,0.009050000,0.004525000,0.02551000,0.01444500,0.01455300
384.000,0.02084000,0.009780000,0.009822000,0.009000000,0.004500000,0.02534000,0.01428000,0.01432200
384.500,0.02069500,0.009640000,0.009616000,0.008950000,0.004475000,0.02517000,0.01411500,0.01409100
385.000,0.02055000,0.009500000,0.009410000,0.008900000,0.004450000,0.02500000,0.01395000,0.01386000
385.500,0.02040500,0.009420000,0.009362000,0.008850000,0.004425000,0.02483000,0.01384500,0.01378700
386.000,0.02026000,0.009340000,0.009314000,0.008800000,0.004400000,0.02466000,0.01374000,0.01371400
386.500,0.02011500,0.009260000,0.009266000,0.008750000,0.004375000,0.02449000,0.01363500,0.01364100
387.000,0.01997000,0.009180000,0.009218000,0.008700000,0.004350000,0.02432000,0.01353000,0.01356800
387.500,0.01982500,0.009100000,0.009170000,0.008650000,0.004325000,0.02415000,0.01342500,0.01349500
388.000,0.01968000,0.009020000,0.009038000,0.008600000,0.004300000,0.02398000,0.01332000,0.01333800
388.500,0.01953500,0.008940000,0.008906000,0.008550000,0.004275000,0.02381000,0.01321500,0.01318100
389.000,0.01939000,0.008860000,0.008774000,0.008500000,0.004250000,0.02364000,0.01311000,0.01302400
389.500,0.01924500,0.008780000,0.008642000,0.008450000,0.004225000,0.02347000,0.01300500,0.01286700
390.000,0.01910000,0.008700000,0.008510000,0.008400000,0.004200000,0.02330000,0.01290000,0.01271000
390.500,0.01900000,0.008640000,0.008466000,0.008360000,0.004180000,0.02318000,0.01282000,0.01264600
391.000,0.01890000,0.008580000,0.008422000,0.008320000,0.004160000,0.02306000,0.01274000,0.01258200
391.500,0.01880000,0.008520000,0.008378000,0.008280000,0.004140000,0.02294000,0.01266000,0.01251800
392.000,0.01870000,0.008460000,0.008334000,0.008240000,0.004120000,0.02282000,0.01258000,0.01245400
392.500,0.01860000,0.008400000,0.008290000,0.008200000,0.004100000,0.02270000,0.01250000,0.01239000
393.000,0.01850000,0.008340000,0.008258000,0.008160000,0.004080000,0.02258000,0.01242000,0.01233800
393.500,0.01840000,0.008280000,0.008226000,0.008120000,0.004060000,0.02246000,0.01234000,0.01228600
394.000,0.01830000,0.008220000,0.008194000,0.008080000,0.004040000,0.02234000,0.01226000,0.01223400
394.500,0.01820000,0.008160000,0.008162000,0.008040000,0.004020000,0.02222000,0.01218000,0.01218200
395.000,0.01810000,0.008100000,0.008130000,0.008000000,0.004000000,0.02210000,0.01210000,0.01213000
395.500,0.01800000,0.008080000,0.008054000,0.007960000,0.003980000,0.02198000,0.01206000,0.01203400
396.000,0.01790000,0.008060000,0.007978000,0.007920000,0.003960000,0.02186000,0.01202000,0.01193800
396.500,0.01780000,0.008040000,0.007902000,0.007880000,0.003940000,0.02174000,0.01198000,0.01184200
397.000,0.01770000,0.008020000,0.007826000,0.007840000,0.003920000,0.02162000,0.01194000,0.01174600
397.500,0.01760000,0.008000000,0.007750000,0.007800000,0.003900000,0.02150000,0.01190000,0.01165000
398.000,0.01750000,0.007800000,0.007526000,0.007760000,0.003880000,0.02138000,0.01168000,0.01140600
398.500,0.01740000,0.007600000,0.007302000,0.007720000,0.003860000,0.02126000,0.01146000,0.01116200
399.000,0.01730000,0.007400000,0.007078000,0.007680000,0.003840000,0.02114000,0.01124000,0.01091800
399.500,0.01720000,0.007200000,0.006854000,0.007640000,0.003820000,0.02102000,0.01102000,0.01067400
400.000,0.01710000,0.007000000,0.006630000,0.007600000,0.003800000,0.02090000,0.01080000,0.01043000
400.500,0.01705500,0.006900000,0.006462000,0.007560000,0.003780000,0.02083500,0.01068000,0.01024200
401.000,0.01701000,0.006800000,0.006294000,0.007520000,0.003760000,0.02077000,0.01056000,0.01005400
401.500,0.01696500,0.006700000,0.006126000,0.007480000,0.003740000,0.02070500,0.01044000,0.009866000
402.000,0.01692000,0.006600000,0.005958000,0.007440000,0.003720000,0.02064000,0.01032000,0.009678001
402.500,0.01687500,0.006500000,0.005790000,0.007400000,0.003700000,0.02057500,0.01020000,0.009490000
403.000,0.01683000,0.006400000,0.005692000,0.007360000,0.003680000,0.02051000,0.01008000,0.009372000
403.500,0.01678500,0.006300000,0.005594000,0.007320000,0.003660000,0.02044500,0.009959999,0.009254000
404.000,0.01674000,0.006200000,0.005496000,0.007280000,0.003640000,0.02038000,0.009840000,0.009136000
404.500,0.01669500,0.006100000,0.005398000,0.007240000,0.003620000,0.02031500,0.009720000,0.009018000
405.000,0.01665000,0.006000000,0.005300000,0.007200000,0.003600000,0.02025000,0.009600000,0.008900000
405.500,0.01660500,0.005980000,0.005246000,0.007160000,0.003580000,0.02018500,0.009560000,0.008826000
406.000,0.01656000,0.005960000,0.005192000,0.007120000,0.003560000,0.02012000,0.009520000,0.008752000
406.500,0.01651500,0.005940000,0.005138000,0.007080000,0.003540000,0.02005500,0.009480000,0.008678000
407.000,0.01647000,0.005920000,0.005084000,0.007040000,0.003520000,0.01999000,0.009440000,0.008604000
407.500,0.01642500,0.005900000,0.005030000,0.007000000,0.003500000,0.01992500,0.009400001,0.008530000
408.000,0.01638000,0.005840000,0.004970000,0.006960000,0.003480000,0.01986000,0.009320000,0.008450000
408.500,0.01633500,0.005780000,0.004910000,0.006920000,0.003460000,0.01979500,0.009240000,0.008370000
409.000,0.01629000,0.005720000,0.004850000,0.006880000,0.003440000,0.01973000,0.009160000,0.008290000
409.500,0.01624500,0.005660000,0.004790000,0.006840000,0.003420000,0.01966500,0.009080000,0.008210000
410.000,0.01620000,0.005600000,0.004730000,0.006800000,0.003400000,0.01960000,0.009000000,0.008130000
410.500,0.01615500,0.005560000,0.004688000,0.006765000,0.003382500,0.01953750,0.008942500,0.008070500
411.000,0.01611000,0.005520000,0.004646000,0.006730000,0.003365000,0.01947500,0.008885000,0.008011000
411.500,0.01606500,0.005480000,0.004604000,0.006695000,0.003347500,0.01941250,0.008827500,0.007951500
412.000,0.01602000,0.005440000,0.004562000,0.006660000,0.003330000,0.01935000,0.008770000,0.007892000
412.500,0.01597500,0.005400000,0.004520000,0.006625000,0.003312500,0.01928750,0.008712500,0.007832500
413.000,0.01593000,0.005360000,0.004504000,0.006590000,0.003295000,0.01922500,0.008655000,0.007799000
413.500,0.01588500,0.005320000,0.004488000,0.006555000,0.003277500,0.01916250,0.008597500,0.007765500
414.000,0.01584000,0.005280000,0.004472000,0.006520000,0.003260000,0.01910000,0.008540000,0.007732000
414.500,0.01579500,0.005240000,0.004456000,0.006485000,0.003242500,0.01903750,0.008482500,0.007698500
415.000,0.01575000,0.005200000,0.004440000,0.006450000,0.003225000,0.01897500,0.008425000,0.007665000
415.500,0.01570500,0.005180000,0.004436000,0.006415000,0.003207500,0.01891250,0.008387500,0.007643500
416.000,0.01566000,0.005160000,0.004432000,0.006380000,0.003190000,0.01885000,0.008350000,0.007622000
416.500,0.01561500,0.005140000,0.004428000,0.006345000,0.003172500,0.01878750,0.008312500,0.007600500
417.000,0.01557000,0.005120000,0.004424000,0.006310000,0.003155000,0.01872500,0.008275000,0.007579000
417.500,0.01552500,0.005100000,0.004420000,0.006275000,0.003137500,0.01866250,0.008237500,0.007557500
418.000,0.01548000,0.005160000,0.004444000,0.006240000,0.003120000,0.01860000,0.008280000,0.007564000
418.500,0.01543500,0.005220000,0.004468000,0.006205000,0.003102500,0.01853750,0.008322500,0.007570500
419.000,0.01539000,0.005280000,0.004492000,0.006170000,0.003085000,0.01847500,0.008365000,0.007577000
419.500,0.01534500,0.005340000,0.004516000,0.006135000,0.003067500,0.01841250,0.008407500,0.007583500
420.000,0.01530000,0.005400000,0.004540000,0.006100000,0.003050000,0.01835000,0.008450000,0.007590000
420.500,0.01525500,0.005460000,0.004580000,0.006070000,0.003035000,0.01829000,0.008495000,0.007615000
421.000,0.01521000,0.005520000,0.004620000,0.006040000,0.003020000,0.01823000,0.008540000,0.007640000
421.500,0.01516500,0.005580000,0.004660000,0.006010000,0.003005000,0.01817000,0.008585000,0.007665000
422.000,0.01512000,0.005640000,0.004700000,0.005980000,0.002990000,0.01811000,0.008630000,0.007690000
422.500,0.01507500,0.005700000,0.004740000,0.005950000,0.002975000,0.01805000,0.008675000,0.007715000
423.000,0.01503000,0.005780000,0.004748000,0.005920000,0.002960000,0.01799000,0.008739999,0.007708000
423.500,0.01498500,0.005860000,0.004756000,0.005890000,0.002945000,0.01793000,0.008805000,0.007701000
424.000,0.01494000,0.005940000,0.004764000,0.005860000,0.002930000,0.01787000,0.008870000,0.007694000
424.500,0.01489500,0.006020000,0.004772000,0.005830000,0.002915000,0.01781000,0.008935001,0.007687000
425.000,0.01485000,0.006100000,0.004780000,0.005800000,0.002900000,0.01775000,0.009000000,0.007680000
425.500,0.01480500,0.006080000,0.004788000,0.005770000,0.002885000,0.01769000,0.008965001,0.007673000
426.000,0.01476000,0.006060000,0.004796000,0.005740000,0.002870000,0.01763000,0.008930000,0.007666000
426.500,0.01471500,0.006040000,0.004804000,0.005710000,0.002855000,0.01757000,0.008895000,0.007659000
427.000,0.01467000,0.006020000,0.004812000,0.005680000,0.002840000,0.01751000,0.008860000,0.007652000
427.500,0.01462500,0.006000000,0.004820000,0.005650000,0.002825000,0.01745000,0.008825000,0.007645000
428.000,0.01458000,0.006080000,0.004846000,0.005620000,0.002810000,0.01739000,0.008890000,0.007656000
428.500,0.01453500,0.006160000,0.004872000,0.005590000,0.002795000,0.01733000,0.008955000,0.007667000
429.000,0.01449000,0.006240000,0.004898000,0.005560000,0.002780000,0.01727000,0.009020000,0.007678000
429.500,0.01444500,0.006320000,0.004924000,0.005530000,0.002765000,0.01721000,0.009085000,0.007689000
430.000,0.01440000,0.006400000,0.004950000,0.005500000,0.002750000,0.01715000,0.009150000,0.007700000
430.500,0.01440500,0.006380000,0.004968000,0.005470000,0.002735000,0.01714000,0.009115000,0.007703000
431.000,0.01441000,0.006360000,0.004986000,0.005440000,0.002720000,0.01713000,0.009080000,0.007706000
431.500,0.01441500,0.006340000,0.005004000,0.005410000,0.002705000,0.01712000,0.009045000,0.007709000
432.000,0.01442000,0.006320000,0.005022000,0.005380000,0.002690000,0.01711000,0.009010000,0.007712000
432.500,0.01442500,0.006300000,0.005040000,0.005350000,0.002675000,0.01710000,0.008975000,0.007715000
433.000,0.01443000,0.006420000,0.005092000,0.005320000,0.002660000,0.01709000,0.009080000,0.007752000
433.500,0.01443500,0.006540000,0.005144000,0.005290000,0.002645000,0.01708000,0.009184999,0.007789000
434.000,0.01444000,0.006660000,0.005196000,0.005260000,0.002630000,0.01707000,0.009290000,0.007826000
434.500,0.01444500,0.006780000,0.005248000,0.005230000,0.002615000,0.01706000,0.009395000,0.007863000
435.000,0.01445000,0.006900000,0.005300000,0.005200000,0.002600000,0.01705000,0.009500000,0.007900000
435.500,0.01445500,0.006920000,0.005400000,0.005170000,0.002585000,0.01704000,0.009505000,0.007985000
436.000,0.01446000,0.006940000,0.005500000,0.005140000,0.002570000,0.01703000,0.009510000,0.008070000
436.500,0.01446500,0.006960000,0.005600000,0.005110000,0.002555000,0.01702000,0.009515000,0.008154999
437.000,0.01447000,0.006980000,0.005700000,0.005080000,0.002540000,0.01701000,0.009520000,0.008240000
437.500,0.01447500,0.007000000,0.005800000,0.005050000,0.002525000,0.01700000,0.009525000,0.008324999
438.000,0.01448000,0.007260000,0.005910000,0.005020000,0.002510000,0.01699000,0.009770000,0.008420000
438.500,0.01448500,0.007520000,0.006020000,0.004990000,0.002495000,0.01698000,0.01001500,0.008515000
439.000,0.01449000,0.007780000,0.006130000,0.004960000,0.002480000,0.01697000,0.01026000,0.008610000
439.500,0.01449500,0.008040000,0.006240000,0.004930000,0.002465000,0.01696000,0.01050500,0.008704999
440.000,0.01450000,0.008300000,0.006350000,0.004900000,0.002450000,0.01695000,0.01075000,0.008800000
440.500,0.01450000,0.008360000,0.006472000,0.004880000,0.002440000,0.01694000,0.01080000,0.008912000
441.000,0.01450000,0.008420000,0.006594000,0.004860000,0.002430000,0.01693000,0.01085000,0.009024000
441.500,0.01450000,0.008480000,0.006716000,0.004840000,0.002420000,0.01692000,0.01090000,0.009136000
442.000,0.01450000,0.008540000,0.006838000,0.004820000,0.002410000,0.01691000,0.01095000,0.009248000
442.500,0.01450000,0.008600000,0.006960000,0.004800000,0.002400000,0.01690000,0.01100000,0.009360000
443.000,0.01450000,0.008780000,0.007070000,0.004780000,0.002390000,0.01689000,0.01117000,0.009460000
443.500,0.01450000,0.008960000,0.007180000,0.004760000,0.002380000,0.01688000,0.01134000,0.009560000
444.000,0.01450000,0.009140000,0.007290000,0.004740000,0.002370000,0.01687000,0.01151000,0.009660000
444.500,0.01450000,0.009320000,0.007400000,0.004720000,0.002360000,0.01686000,0.01168000,0.009760000
445.000,0.01450000,0.009500000,0.007510000,0.004700000,0.002350000,0.01685000,0.01185000,0.009860000
445.500,0.01450000,0.009560000,0.007668000,0.004680000,0.002340000,0.01684000,0.01190000,0.01000800
446.000,0.01450000,0.009620000,0.007826000,0.004660000,0.002330000,0.01683000,0.01195000,0.01015600
446.500,0.01450000,0.009680000,0.007984000,0.004640000,0.002320000,0.01682000,0.01200000,0.01030400
447.000,0.01450000,0.009740000,0.008142000,0.004620000,0.002310000,0.01681000,0.01205000,0.01045200
447.500,0.01450000,0.009800000,0.008300000,0.004600000,0.002300000,0.01680000,0.01210000,0.01060000
448.000,0.01450000,0.01004000,0.008484000,0.004580000,0.002290000,0.01679000,0.01233000,0.01077400
448.500,0.01450000,0.01028000,0.008668000,0.004560000,0.002280000,0.01678000,0.01256000,0.01094800
449.000,0.01450000,0.01052000,0.008852000,0.004540000,0.002270000,0.01677000,0.01279000,0.01112200
449.500,0.01450000,0.01076000,0.009036000,0.004520000,0.002260000,0.01676000,0.01302000,0.01129600
450.000,0.01450000,0.01100000,0.009220000,0.004500000,0.002250000,0.01675000,0.01325000,0.01147000
450.500,0.01455500,0.01112000,0.009314000,0.004480000,0.002240000,0.01679500,0.01336000,0.01155400
451.000,0.01461000,0.01124000,0.009408000,0.004460000,0.002230000,0.01684000,0.01347000,0.01163800
451.500,0.01466500,0.01136000,0.009502000,0.004440000,0.002220000,0.01688500,0.01358000,0.01172200
452.000,0.01472000,0.01148000,0.009596000,0.004420000,0.002210000,0.01693000,0.01369000,0.01180600
452.500,0.01477500,0.01160000,0.009690000,0.004400000,0.002200000,0.01697500,0.01380000,0.01189000
453.000,0.01483000,0.01168000,0.009676000,0.004380000,0.002190000,0.01702000,0.01387000,0.01186600
453.500,0.01488500,0.01176000,0.009662000,0.004360000,0.002180000,0.01706500,0.01394000,0.01184200
454.000,0.01494000,0.01184000,0.009648000,0.004340000,0.002170000,0.01711000,0.01401000,0.01181800
454.500,0.01499500,0.01192000,0.009634000,0.004320000,0.002160000,0.01715500,0.01408000,0.01179400
455.000,0.01505000,0.01200000,0.009620000,0.004300000,0.002150000,0.01720000,0.01415000,0.01177000
455.500,0.01510500,0.01196000,0.009610000,0.004280000,0.002140000,0.01724500,0.01410000,0.01175000
456.000,0.01516000,0.01192000,0.009600000,0.004260000,0.002130000,0.01729000,0.01405000,0.01173000
456.500,0.01521500,0.01188000,0.009590000,0.004240000,0.002120000,0.01733500,0.01400000,0.01171000
457.000,0.01527000,0.01184000,0.009580000,0.004220000,0.002110000,0.01738000,0.01395000,0.01169000
457.500,0.01532500,0.01180000,0.009570000,0.004200000,0.002100000,0.01742500,0.01390000,0.01167000
458.000,0.01538000,0.01188000,0.009614000,0.004180000,0.002090000,0.01747000,0.01397000,0.01170400
458.500,0.01543500,0.01196000,0.009658000,0.004160000,0.002080000,0.01751500,0.01404000,0.01173800
459.000,0.01549000,0.01204000,0.009702000,0.004140000,0.002070000,0.01756000,0.01411000,0.01177200
459.500,0.01554500,0.01212000,0.009746000,0.004120000,0.002060000,0.01760500,0.01418000,0.01180600
460.000,0.01560000,0.01220000,0.009790000,0.004100000,0.002050000,0.01765000,0.01425000,0.01184000
460.500,0.01560000,0.01222000,0.009842000,0.004080000,0.002040000,0.01764000,0.01426000,0.01188200
461.000,0.01560000,0.01224000,0.009894000,0.004060000,0.002030000,0.01763000,0.01427000,0.01192400
461.500,0.01560000,0.01226000,0.009946000,0.004040000,0.002020000,0.01762000,0.01428000,0.01196600
462.000,0.01560000,0.01228000,0.009998000,0.004020000,0.002010000,0.01761000,0.01429000,0.01200800
462.500,0.01560000,0.01230000,0.01005000,0.004000000,0.002000000,0.01760000,0.01430000,0.01205000
463.000,0.01560000,0.01234000,0.01006200,0.003980000,0.001990000,0.01759000,0.01433000,0.01205200
463.500,0.01560000,0.01238000,0.01007400,0.003960000,0.001980000,0.01758000,0.01436000,0.01205400
464.000,0.01560000,0.01242000,0.01008600,0.003940000,0.001970000,0.01757000,0.01439000,0.01205600
464.500,0.01560000,0.01246000,0.01009800,0.003920000,0.001960000,0.01756000,0.01442000,0.01205800
465.000,0.01560000,0.01250000,0.01011000,0.003900000,0.001950000,0.01755000,0.01445000,0.01206000
465.500,0.01560000,0.01248000,0.01012800,0.003880000,0.001940000,0.01754000,0.01442000,0.01206800
466.000,0.01560000,0.01246000,0.01014600,0.003860000,0.001930000,0.01753000,0.01439000,0.01207600
466.500,0.01560000,0.01244000,0.01016400,0.003840000,0.001920000,0.01752000,0.01436000,0.01208400
467.000,0.01560000,0.01242000,0.01018200,0.003820000,0.001910000,0.01751000,0.01433000,0.01209200
467.500,0.01560000,0.01240000,0.01020000,0.003800000,0.001900000,0.01750000,0.01430000,0.01210000
468.000,0.01560000,0.01252000,0.01028000,0.003780000,0.001890000,0.01749000,0.01441000,0.01217000
468.500,0.01560000,0.01264000,0.01036000,0.003760000,0.001880000,0.01748000,0.01452000,0.01224000
469.000,0.01560000,0.01276000,0.01044000,0.003740000,0.001870000,0.01747000,0.01463000,0.01231000
469.500,0.01560000,0.01288000,0.01052000,0.003720000,0.001860000,0.01746000,0.01474000,0.01238000
470.000,0.01560000,0.01300000,0.01060000,0.003700000,0.001850000,0.01745000,0.01485000,0.01245000
470.500,0.01570000,0.01310000,0.01066000,0.003685000,0.001842500,0.01754250,0.01494250,0.01250250
471.000,0.01580000,0.01320000,0.01072000,0.003670000,0.001835000,0.01763500,0.01503500,0.01255500
471.500,0.01590000,0.01330000,0.01078000,0.003655000,0.001827500,0.01772750,0.01512750,0.01260750
472.000,0.01600000,0.01340000,0.01084000,0.003640000,0.001820000,0.01782000,0.01522000,0.01266000
472.500,0.01610000,0.01350000,0.01090000,0.003625000,0.001812500,0.01791250,0.01531250,0.01271250
473.000,0.01620000,0.01366000,0.01100000,0.003610000,0.001805000,0.01800500,0.01546500,0.01280500
473.500,0.01630000,0.01382000,0.01110000,0.003595000,0.001797500,0.01809750,0.01561750,0.01289750
474.000,0.01640000,0.01398000,0.01120000,0.003580000,0.001790000,0.01819000,0.01577000,0.01299000
474.500,0.01650000,0.01414000,0.01130000,0.003565000,0.001782500,0.01828250,0.01592250,0.01308250
475.000,0.01660000,0.01430000,0.01140000,0.003550000,0.001775000,0.01837500,0.01607500,0.01317500
475.500,0.01670000,0.01442000,0.01154000,0.003535000,0.001767500,0.01846750,0.01618750,0.01330750
476.000,0.01680000,0.01454000,0.01168000,0.003520000,0.001760000,0.01856000,0.01630000,0.01344000
476.500,0.01690000,0.01466000,0.01182000,0.003505000,0.001752500,0.01865250,0.01641250,0.01357250
477.000,0.01700000,0.01478000,0.01196000,0.003490000,0.001745000,0.01874500,0.01652500,0.01370500
477.500,0.01710000,0.01490000,0.01210000,0.003475000,0.001737500,0.01883750,0.01663750,0.01383750
478.000,0.01720000,0.01506000,0.01222000,0.003460000,0.001730000,0.01893000,0.01679000,0.01395000
478.500,0.01730000,0.01522000,0.01234000,0.003445000,0.001722500,0.01902250,0.01694250,0.01406250
479.000,0.01740000,0.01538000,0.01246000,0.003430000,0.001715000,0.01911500,0.01709500,0.01417500
479.500,0.01750000,0.01554000,0.01258000,0.003415000,0.001707500,0.01920750,0.01724750,0.01428750
480.000,0.01760000,0.01570000,0.01270000,0.003400000,0.001700000,0.01930000,0.01740000,0.01440000
480.500,0.01770000,0.01576000,0.01278000,0.003385000,0.001692500,0.01939250,0.01745250,0.01447250
481.000,0.01780000,0.01582000,0.01286000,0.003370000,0.001685000,0.01948500,0.01750500,0.01454500
481.500,0.01790000,0.01588000,0.01294000,0.003355000,0.001677500,0.01957750,0.01755750,0.01461750
482.000,0.01800000,0.01594000,0.01302000,0.003340000,0.001670000,0.01967000,0.01761000,0.01469000
482.500,0.01810000,0.01600000,0.01310000,0.003325000,0.001662500,0.01976250,0.01766250,0.01476250
483.000,0.01820000,0.01616000,0.01320000,0.003310000,0.001655000,0.01985500,0.01781500,0.01485500
483.500,0.01830001,0.01632000,0.01330000,0.003294999,0.001647500,0.01994751,0.01796750,0.01494750
484.000,0.01840000,0.01648000,0.01340000,0.003280000,0.001640000,0.02004000,0.01812000,0.01504000
484.500,0.01850000,0.01664000,0.01350000,0.003265000,0.001632500,0.02013250,0.01827250,0.01513250
485.000,0.01860000,0.01680000,0.01360000,0.003250000,0.001625000,0.02022500,0.01842500,0.01522500
485.500,0.01870000,0.01688000,0.01376000,0.003235000,0.001617500,0.02031750,0.01849750,0.01537750
486.000,0.01880000,0.01696000,0.01392000,0.003220000,0.001610000,0.02041000,0.01857000,0.01553000
486.500,0.01890000,0.01704000,0.01408000,0.003205000,0.001602500,0.02050250,0.01864250,0.01568250
487.000,0.01900000,0.01712000,0.01424000,0.003190000,0.001595000,0.02059500,0.01871500,0.01583500
487.500,0.01910000,0.01720000,0.01440000,0.003175000,0.001587500,0.02068750,0.01878750,0.01598750
488.000,0.01920000,0.01746000,0.01452000,0.003160000,0.001580000,0.02078000,0.01904000,0.01610000
488.500,0.01930000,0.01772000,0.01464000,0.003145000,0.001572500,0.02087250,0.01929250,0.01621250
489.000,0.01940000,0.01798000,0.01476000,0.003130000,0.001565000,0.02096500,0.01954500,0.01632500
489.500,0.01950000,0.01824000,0.01488000,0.003115000,0.001557500,0.02105750,0.01979750,0.01643750
490.000,0.01960000,0.01850000,0.01500000,0.003100000,0.001550000,0.02115000,0.02005000,0.01655000
490.500,0.01990500,0.01866000,0.01524000,0.003090000,0.001545000,0.02145000,0.02020500,0.01678500
491.000,0.02021000,0.01882000,0.01548000,0.003080000,0.001540000,0.02175000,0.02036000,0.01702000
491.500,0.02051500,0.01898000,0.01572000,0.003070000,0.001535000,0.02205000,0.02051500,0.01725500
492.000,0.02082000,0.01914000,0.01596000,0.003060000,0.001530000,0.02235000,0.02067000,0.01749000
492.500,0.02112500,0.01930000,0.01620000,0.003050000,0.001525000,0.02265000,0.02082500,0.01772500
493.000,0.02143000,0.01970000,0.01642000,0.003040000,0.001520000,0.02295000,0.02122000,0.01794000
493.500,0.02173500,0.02010000,0.01664000,0.003030000,0.001515000,0.02325000,0.02161500,0.01815500
494.000,0.02204000,0.02050000,0.01686000,0.003020000,0.001510000,0.02355000,0.02201000,0.01837000
494.500,0.02234500,0.02090000,0.01708000,0.003010000,0.001505000,0.02385000,0.02240500,0.01858500
495.000,0.02265000,0.02130000,0.01730000,0.003000000,0.001500000,0.02415000,0.02280000,0.01880000
495.500,0.02295500,0.02160000,0.01766000,0.002990000,0.001495000,0.02445000,0.02309500,0.01915500
496.000,0.02326000,0.02190000,0.01802000,0.002980000,0.001490000,0.02475000,0.02339000,0.01951000
496.500,0.02356500,0.02220000,0.01838000,0.002970000,0.001485000,0.02505000,0.02368500,0.01986500
497.000,0.02387000,0.02250000,0.01874000,0.002960000,0.001480000,0.02535000,0.02398000,0.02022000
497.500,0.02417500,0.02280000,0.01910000,0.002950000,0.001475000,0.02565000,0.02427500,0.02057500
498.000,0.02448000,0.02308000,0.01936000,0.002940000,0.001470000,0.02595000,0.02455000,0.02083000
498.500,0.02478500,0.02336000,0.01962000,0.002930000,0.001465000,0.02625000,0.02482500,0.02108500
499.000,0.02509000,0.02364000,0.01988000,0.002920000,0.001460000,0.02655000,0.02510000,0.02134000
499.500,0.02539500,0.02392000,0.02014000,0.002910000,0.001455000,0.02685000,0.02537500,0.02159500
500.000,0.02570000,0.02420000,0.02040000,0.002900000,0.001450000,0.02715000,0.02565000,0.02185000
500.500,0.02620000,0.02480000,0.02088000,0.002885000,0.001442500,0.02764250,0.02624250,0.02232250
501.000,0.02670000,0.02540000,0.02136000,0.002870000,0.001435000,0.02813500,0.02683500,0.02279500
501.500,0.02720000,0.02600000,0.02184000,0.002855000,0.001427500,0.02862750,0.02742750,0.02326750
502.000,0.02770000,0.02660000,0.02232000,0.002840000,0.001420000,0.02912000,0.02802000,0.02374000
502.500,0.02820000,0.02720000,0.02280000,0.002825000,0.001412500,0.02961250,0.02861250,0.02421250
503.000,0.02870000,0.02776000,0.02336000,0.002810000,0.001405000,0.03010500,0.02916500,0.02476500
503.500,0.02920000,0.02832000,0.02392000,0.002795000,0.001397500,0.03059750,0.02971750,0.02531750
504.000,0.02970000,0.02888000,0.02448000,0.002780000,0.001390000,0.03109000,0.03027000,0.02587000
504.500,0.03020000,0.02944000,0.02504000,0.002765000,0.001382500,0.03158250,0.03082250,0.02642250
505.000,0.03070000,0.03000000,0.02560000,0.002750000,0.001375000,0.03207500,0.03137500,0.02697500
505.500,0.03120000,0.03062000,0.02608000,0.002735000,0.001367500,0.03256750,0.03198750,0.02744750
506.000,0.03170000,0.03124000,0.02656000,0.002720000,0.001360000,0.03306000,0.03260000,0.02792000
506.500,0.03220000,0.03186000,0.02704000,0.002705000,0.001352500,0.03355250,0.03321250,0.02839250
507.000,0.03270000,0.03248000,0.02752000,0.002690000,0.001345000,0.03404500,0.03382500,0.02886500
507.500,0.03320000,0.03310000,0.02800000,0.002675000,0.001337500,0.03453750,0.03443750,0.02933750
508.000,0.03370000,0.03412000,0.02890000,0.002660000,0.001330000,0.03503000,0.03545000,0.03023000
508.500,0.03420000,0.03514000,0.02980000,0.002645000,0.001322500,0.03552250,0.03646250,0.03112250
509.000,0.03470000,0.03616000,0.03070000,0.002630000,0.001315000,0.03601500,0.03747500,0.03201500
509.500,0.03520000,0.03718000,0.03160000,0.002615000,0.001307500,0.03650750,0.03848750,0.03290750
510.000,0.03570000,0.03820000,0.03250000,0.002600000,0.001300000,0.03700000,0.03950000,0.03380000
510.500,0.03630000,0.03926000,0.03344000,0.002590000,0.001295000,0.03759500,0.04055500,0.03473500
511.000,0.03690004,0.04032000,0.03438000,0.002579999,0.001290000,0.03819004,0.04161000,0.03567000
511.500,0.03750004,0.04138000,0.03532000,0.002569999,0.001285000,0.03878503,0.04266500,0.03660500
512.000,0.03810000,0.04244000,0.03626000,0.002560000,0.001280000,0.03938000,0.04372000,0.03754000
512.500,0.03870000,0.04350000,0.03720000,0.002550000,0.001275000,0.03997500,0.04477500,0.03847500
513.000,0.03930000,0.04404000,0.03768000,0.002540000,0.001270000,0.04057000,0.04531000,0.03895000
513.500,0.03990000,0.04458000,0.03816000,0.002530000,0.001265000,0.04116500,0.04584500,0.03942500
514.000,0.04050000,0.04512000,0.03864000,0.002520000,0.001260000,0.04176000,0.04638000,0.03990000
514.500,0.04110000,0.04566000,0.03912000,0.002510000,0.001255000,0.04235500,0.04691500,0.04037500
515.000,0.04170000,0.04620000,0.03960000,0.002500000,0.001250000,0.04295000,0.04745000,0.04085000
515.500,0.04230000,0.04628000,0.03966000,0.002490000,0.001245000,0.04354500,0.04752500,0.04090500
516.000,0.04290000,0.04636000,0.03972000,0.002480000,0.001240000,0.04414000,0.04760000,0.04096000
516.500,0.04350000,0.04644000,0.03978000,0.002470000,0.001235000,0.04473500,0.04767500,0.04101500
517.000,0.04410000,0.04652000,0.03984000,0.002460000,0.001230000,0.04533000,0.04775000,0.04107000
517.500,0.04470000,0.04660000,0.03990000,0.002450000,0.001225000,0.04592500,0.04782500,0.04112500
518.000,0.04530000,0.04676000,0.04010000,0.002440000,0.001220000,0.04652000,0.04798000,0.04132000
518.500,0.04590000,0.04692000,0.04030000,0.002430000,0.001215000,0.04711500,0.04813500,0.04151500
519.000,0.04650000,0.04708000,0.04050000,0.002420000,0.001210000,0.04771000,0.04829000,0.04171000
519.500,0.04710000,0.04724000,0.04070000,0.002410000,0.001205000,0.04830500,0.04844500,0.04190500
520.000,0.04770000,0.04740000,0.04090000,0.002400000,0.001200000,0.04890000,0.04860000,0.04210000
520.500,0.04785000,0.04762000,0.04104000,0.002390000,0.001195000,0.04904500,0.04881500,0.04223500
521.000,0.04800000,0.04784000,0.04118000,0.002380000,0.001190000,0.04919000,0.04903000,0.04237000
521.500,0.04815000,0.04806000,0.04132000,0.002370000,0.001185000,0.04933500,0.04924500,0.04250500
522.000,0.04830000,0.04828000,0.04146000,0.002360000,0.001180000,0.04948000,0.04946000,0.04264000
522.500,0.04845000,0.04850000,0.04160000,0.002350000,0.001175000,0.04962500,0.04967500,0.04277500
523.000,0.04860000,0.04850000,0.04162000,0.002340000,0.001170000,0.04977000,0.04967000,0.04279000
523.500,0.04875000,0.04850000,0.04164000,0.002330000,0.001165000,0.04991500,0.04966500,0.04280500
524.000,0.04890000,0.04850000,0.04166000,0.002320000,0.001160000,0.05006000,0.04966000,0.04282000
524.500,0.04905000,0.04850000,0.04168000,0.002310000,0.001155000,0.05020500,0.04965500,0.04283500
525.000,0.04920000,0.04850000,0.04170000,0.002300000,0.001150000,0.05035000,0.04965000,0.04285000
525.500,0.04935000,0.04878000,0.04192000,0.002290000,0.001145000,0.05049500,0.04992500,0.04306500
526.000,0.04950000,0.04906000,0.04214000,0.002280000,0.001140000,0.05064000,0.05020000,0.04328000
526.500,0.04965000,0.04934000,0.04236000,0.002270000,0.001135000,0.05078500,0.05047500,0.04349500
527.000,0.04980000,0.04962000,0.04258000,0.002260000,0.001130000,0.05093000,0.05075000,0.04371000
527.500,0.04995000,0.04990000,0.04280000,0.002250000,0.001125000,0.05107500,0.05102500,0.04392500
528.000,0.05010000,0.05002000,0.04292000,0.002240000,0.001120000,0.05122000,0.05114000,0.04404000
528.500,0.05025000,0.05014000,0.04304000,0.002230000,0.001115000,0.05136500,0.05125500,0.04415500
529.000,0.05040000,0.05026000,0.04316000,0.002220000,0.001110000,0.05151000,0.05137000,0.04427000
529.500,0.05055000,0.05038000,0.04328000,0.002210000,0.001105000,0.05165500,0.05148500,0.04438500
530.000,0.05070000,0.05050000,0.04340000,0.002200000,0.001100000,0.05180000,0.05160000,0.04450000
530.500,0.05095500,0.05082000,0.04366000,0.002195000,0.001097500,0.05205250,0.05191750,0.04475750
531.000,0.05121000,0.05114000,0.04392000,0.002190000,0.001095000,0.05230500,0.05223500,0.04501500
531.500,0.05146500,0.05146000,0.04418000,0.002185000,0.001092500,0.05255750,0.05255250,0.04527250
532.000,0.05172000,0.05178000,0.04444000,0.002180000,0.001090000,0.05281000,0.05287000,0.04553000
532.500,0.05197500,0.05210000,0.04470000,0.002175000,0.001087500,0.05306250,0.05318750,0.04578750
533.000,0.05223000,0.05222000,0.04480000,0.002170000,0.001085000,0.05331500,0.05330500,0.04588500
533.500,0.05248500,0.05234000,0.04490000,0.002165000,0.001082500,0.05356750,0.05342250,0.04598250
534.000,0.05274000,0.05246000,0.04500000,0.002160000,0.001080000,0.05382000,0.05354000,0.04608000
534.500,0.05299500,0.05258000,0.04510000,0.002155000,0.001077500,0.05407250,0.05365750,0.04617750
535.000,0.05325000,0.05270000,0.04520000,0.002150000,0.001075000,0.05432500,0.05377500,0.04627500
535.500,0.05350500,0.05300000,0.04548000,0.002145000,0.001072500,0.05457750,0.05407250,0.04655250
536.000,0.05376000,0.05330000,0.04576000,0.002140000,0.001070000,0.05483000,0.05437000,0.04683000
536.500,0.05401500,0.05360000,0.04604000,0.002135000,0.001067500,0.05508250,0.05466750,0.04710750
537.000,0.05427000,0.05390000,0.04632000,0.002130000,0.001065000,0.05533500,0.05496500,0.04738500
537.500,0.05452500,0.05420000,0.04660000,0.002125000,0.001062500,0.05558750,0.05526250,0.04766250
538.000,0.05478000,0.05438000,0.04676000,0.002120000,0.001060000,0.05584000,0.05544000,0.04782000
538.500,0.05503500,0.05456000,0.04692000,0.002115000,0.001057500,0.05609250,0.05561750,0.04797750
539.000,0.05529000,0.05474000,0.04708000,0.002110000,0.001055000,0.05634500,0.05579500,0.04813500
539.500,0.05554500,0.05492000,0.04724000,0.002105000,0.001052500,0.05659750,0.05597250,0.04829250
540.000,0.05580000,0.05510000,0.04740000,0.002100000,0.001050000,0.05685000,0.05615000,0.04845000
540.500,0.05620000,0.05544000,0.04770000,0.002090000,0.001045000,0.05724500,0.05648500,0.04874500
541.000,0.05660000,0.05578000,0.04800000,0.002080000,0.001040000,0.05764000,0.05682000,0.04904000
541.500,0.05700000,0.05612000,0.04830000,0.002070000,0.001035000,0.05803500,0.05715500,0.04933500
542.000,0.05740000,0.05646000,0.04860000,0.002060000,0.001030000,0.05843000,0.05749000,0.04963000
542.500,0.05780000,0.05680000,0.04890000,0.002050000,0.001025000,0.05882500,0.05782500,0.04992500
543.000,0.05820000,0.05732000,0.04934000,0.002040000,0.001020000,0.05922000,0.05834000,0.05036000
543.500,0.05860000,0.05784000,0.04978000,0.002030000,0.001015000,0.05961500,0.05885500,0.05079500
544.000,0.05900000,0.05836000,0.05022000,0.002020000,0.001010000,0.06001000,0.05937000,0.05123000
544.500,0.05940000,0.05888000,0.05066000,0.002010000,0.001005000,0.06040500,0.05988500,0.05166500
545.000,0.05980000,0.05940000,0.05110000,0.002000000,0.001000000,0.06080000,0.06040000,0.05210000
545.500,0.06020000,0.05998000,0.05162000,0.001990000,0.0009950000,0.06119500,0.06097500,0.05261500
546.000,0.06060000,0.06056000,0.05214000,0.001980000,0.0009900000,0.06159000,0.06155000,0.05313000
546.500,0.06100000,0.06114000,0.05266000,0.001970000,0.0009850000,0.06198500,0.06212500,0.05364500
547.000,0.06140000,0.06172000,0.05318000,0.001960000,0.0009800000,0.06238000,0.06270000,0.05416000
547.500,0.06180000,0.06230000,0.05370000,0.001950000,0.0009750000,0.06277500,0.06327500,0.05467500
548.000,0.06220000,0.06292000,0.05426000,0.001940000,0.0009700000,0.06317000,0.06389000,0.05523000
548.500,0.06260000,0.06354000,0.05482000,0.001930000,0.0009650000,0.06356500,0.06450500,0.05578500
549.000,0.06300000,0.06416000,0.05538000,0.001920000,0.0009600000,0.06396000,0.06512000,0.05634000
549.500,0.06340000,0.06478000,0.05594000,0.001910000,0.0009550000,0.06435500,0.06573500,0.05689500
550.000,0.06380000,0.06540000,0.05650000,0.001900000,0.0009500000,0.06475000,0.06635000,0.05745000
550.500,0.06415000,0.06604000,0.05706000,0.001895000,0.0009475000,0.06509750,0.06698750,0.05800750
551.000,0.06450000,0.06668000,0.05762000,0.001890000,0.0009450000,0.06544500,0.06762500,0.05856500
551.500,0.06485000,0.06732000,0.05818000,0.001885000,0.0009425000,0.06579250,0.06826250,0.05912250
552.000,0.06520000,0.06796000,0.05874000,0.001880000,0.0009400000,0.06614000,0.06890000,0.05968000
552.500,0.06555000,0.06860000,0.05930000,0.001875000,0.0009375000,0.06648750,0.06953750,0.06023750
553.000,0.06590000,0.06868000,0.05936000,0.001870000,0.0009350000,0.06683500,0.06961501,0.06029500
553.500,0.06625000,0.06876000,0.05942000,0.001865000,0.0009325000,0.06718250,0.06969250,0.06035250
554.000,0.06660000,0.06884000,0.05948000,0.001860000,0.0009300000,0.06753000,0.06976999,0.06041000
554.500,0.06695000,0.06892000,0.05954000,0.001855000,0.0009275000,0.06787750,0.06984750,0.06046750
555.000,0.06730000,0.06900000,0.05960000,0.001850000,0.0009250000,0.06822500,0.06992500,0.06052500
555.500,0.06765000,0.06922000,0.05980000,0.001845000,0.0009225000,0.06857250,0.07014250,0.06072250
556.000,0.06800000,0.06944000,0.06000000,0.001840000,0.0009200000,0.06892000,0.07036000,0.06092000
556.500,0.06835000,0.06966000,0.06020000,0.001835000,0.0009175000,0.06926750,0.07057750,0.06111750
557.000,0.06870000,0.06988000,0.06040000,0.001830000,0.0009150000,0.06961500,0.07079500,0.06131500
557.500,0.06905000,0.07010000,0.06060000,0.001825000,0.0009125000,0.06996250,0.07101250,0.06151250
558.000,0.06940000,0.07038000,0.06086000,0.001820000,0.0009100000,0.07031000,0.07129000,0.06177000
558.500,0.06975000,0.07066000,0.06112000,0.001815000,0.0009075000,0.07065751,0.07156751,0.06202750
559.000,0.07010000,0.07094000,0.06138000,0.001810000,0.0009050000,0.07100500,0.07184500,0.06228500
559.500,0.07045000,0.07122000,0.06164000,0.001805000,0.0009025000,0.07135250,0.07212250,0.06254250
560.000,0.07080000,0.07150000,0.06190000,0.001800000,0.0009000000,0.07170000,0.07240000,0.06280000
560.500,0.07125500,0.07200000,0.06232000,0.001795000,0.0008975000,0.07215250,0.07289749,0.06321750
561.000,0.07171000,0.07250000,0.06274000,0.001790000,0.0008950000,0.07260500,0.07339500,0.06363500
561.500,0.07216500,0.07300000,0.06316000,0.001785000,0.0008925000,0.07305750,0.07389250,0.06405250
562.000,0.07262000,0.07350000,0.06358000,0.001780000,0.0008900000,0.07351000,0.07439000,0.06447000
562.500,0.07307500,0.07400000,0.06400000,0.001775000,0.0008875000,0.07396249,0.07488750,0.06488750
563.000,0.07353000,0.07406000,0.06404000,0.001770000,0.0008850000,0.07441501,0.07494500,0.06492500
563.500,0.07398500,0.07412000,0.06408000,0.001765000,0.0008825000,0.07486750,0.07500250,0.06496250
564.000,0.07444000,0.07418000,0.06412000,0.001760000,0.0008800000,0.07532001,0.07506000,0.06500001
564.500,0.07489500,0.07424000,0.06416000,0.001755000,0.0008775000,0.07577250,0.07511750,0.06503750
565.000,0.07535000,0.07430000,0.06420000,0.001750000,0.0008750000,0.07622501,0.07517500,0.06507500
565.500,0.07580500,0.07496000,0.06480000,0.001745000,0.0008725000,0.07667750,0.07583250,0.06567250
566.000,0.07626000,0.07562000,0.06540000,0.001740000,0.0008700000,0.07713000,0.07649000,0.06626999
566.500,0.07671500,0.07628000,0.06600000,0.001735000,0.0008675000,0.07758250,0.07714750,0.06686750
567.000,0.07717000,0.07694000,0.06660000,0.001730000,0.0008650000,0.07803500,0.07780500,0.06746500
567.500,0.07762500,0.07760000,0.06720000,0.001725000,0.0008625000,0.07848750,0.07846250,0.06806250
568.000,0.07808000,0.07816000,0.06766000,0.001720000,0.0008600000,0.07894000,0.07902000,0.06851999
568.500,0.07853500,0.07872000,0.06812000,0.001715000,0.0008575000,0.07939250,0.07957751,0.06897750
569.000,0.07899000,0.07928000,0.06858000,0.001710000,0.0008550000,0.07984500,0.08013500,0.06943500
569.500,0.07944500,0.07984000,0.06904000,0.001705000,0.0008525000,0.08029750,0.08069250,0.06989250
570.000,0.07990000,0.08040000,0.06950000,0.001700000,0.0008500000,0.08075000,0.08125000,0.07035000
570.500,0.08130500,0.08124000,0.07026000,0.001695000,0.0008475000,0.08215250,0.08208750,0.07110751
571.000,0.08271000,0.08208000,0.07102000,0.001690000,0.0008450000,0.08355500,0.08292500,0.07186500
571.500,0.08411500,0.08292000,0.07178000,0.001685000,0.0008425000,0.08495750,0.08376250,0.07262250
572.000,0.08552000,0.08376000,0.07254000,0.001680000,0.0008400000,0.08636000,0.08460000,0.07338000
572.500,0.08692500,0.08460000,0.07330000,0.001675000,0.0008375000,0.08776250,0.08543750,0.07413749
573.000,0.08833000,0.08548000,0.07408000,0.001670000,0.0008350000,0.08916500,0.08631500,0.07491500
573.500,0.08973500,0.08636000,0.07486000,0.001665000,0.0008325000,0.09056750,0.08719250,0.07569250
574.000,0.09114000,0.08724000,0.07564000,0.001660000,0.0008300000,0.09197000,0.08807001,0.07647000
574.500,0.09254500,0.08812000,0.07642000,0.001655000,0.0008275000,0.09337250,0.08894750,0.07724750
575.000,0.09395000,0.08900000,0.07720000,0.001650000,0.0008250000,0.09477501,0.08982500,0.07802501
575.500,0.09535500,0.09044000,0.07848000,0.001645000,0.0008225000,0.09617750,0.09126250,0.07930250
576.000,0.09676000,0.09188000,0.07976000,0.001640000,0.0008200000,0.09758000,0.09270000,0.08058000
576.500,0.09816500,0.09332000,0.08104000,0.001635000,0.0008175000,0.09898250,0.09413750,0.08185750
577.000,0.09957000,0.09476000,0.08232000,0.001630000,0.0008150000,0.1003850,0.09557500,0.08313499
577.500,0.1009750,0.09620000,0.08360000,0.001625000,0.0008125000,0.1017875,0.09701250,0.08441250
578.000,0.1023800,0.09728000,0.08480000,0.001620000,0.0008100000,0.1031900,0.09809000,0.08560999
578.500,0.1037850,0.09836000,0.08600000,0.001615000,0.0008075000,0.1045925,0.09916750,0.08680750
579.000,0.1051900,0.09944000,0.08720000,0.001610000,0.0008050000,0.1059950,0.1002450,0.08800500
579.500,0.1065950,0.1005200,0.08840000,0.001605000,0.0008025000,0.1073975,0.1013225,0.08920250
580.000,0.1080000,0.1016000,0.08960000,0.001600000,0.0008000000,0.1088000,0.1024000,0.09040000
580.500,0.1104500,0.1035200,0.09146000,0.001595000,0.0007975000,0.1112475,0.1043175,0.09225750
581.000,0.1129000,0.1054400,0.09332000,0.001590000,0.0007950000,0.1136950,0.1062350,0.09411500
581.500,0.1153500,0.1073600,0.09518000,0.001585000,0.0007925000,0.1161425,0.1081525,0.09597250
582.000,0.1178000,0.1092800,0.09704000,0.001580000,0.0007900000,0.1185900,0.1100700,0.09783000
582.500,0.1202500,0.1112000,0.09890000,0.001575000,0.0007875000,0.1210375,0.1119875,0.09968749
583.000,0.1227000,0.1136600,0.1011200,0.001570000,0.0007850000,0.1234850,0.1144450,0.1019050
583.500,0.1251500,0.1161200,0.1033400,0.001565000,0.0007825000,0.1259325,0.1169025,0.1041225
584.000,0.1276000,0.1185800,0.1055600,0.001560000,0.0007800000,0.1283800,0.1193600,0.1063400
584.500,0.1300500,0.1210400,0.1077800,0.001555000,0.0007775000,0.1308275,0.1218175,0.1085575
585.000,0.1325000,0.1235000,0.1100000,0.001550000,0.0007750000,0.1332750,0.1242750,0.1107750
585.500,0.1349500,0.1265400,0.1124000,0.001545000,0.0007725000,0.1357225,0.1273125,0.1131725
586.000,0.1374000,0.1295800,0.1148000,0.001540000,0.0007700000,0.1381700,0.1303500,0.1155700
586.500,0.1398500,0.1326200,0.1172000,0.001535000,0.0007675000,0.1406175,0.1333875,0.1179675
587.000,0.1423000,0.1356600,0.1196000,0.001530000,0.0007650000,0.1430650,0.1364250,0.1203650
587.500,0.1447500,0.1387000,0.1220000,0.001525000,0.0007625000,0.1455125,0.1394625,0.1227625
588.000,0.1472000,0.1407000,0.1246200,0.001520000,0.0007600000,0.1479600,0.1414600,0.1253800
588.500,0.1496500,0.1427000,0.1272400,0.001515000,0.0007575000,0.1504075,0.1434575,0.1279975
589.000,0.1521000,0.1447000,0.1298600,0.001510000,0.0007550000,0.1528550,0.1454550,0.1306150
589.500,0.1545500,0.1467000,0.1324800,0.001505000,0.0007525000,0.1553025,0.1474525,0.1332325
590.000,0.1570000,0.1487000,0.1351000,0.001500000,0.0007500000,0.1577500,0.1494500,0.1358500
590.500,0.1613500,0.1520000,0.1384000,0.001495000,0.0007475000,0.1620975,0.1527475,0.1391475
591.000,0.1657000,0.1553000,0.1417000,0.001490000,0.0007450000,0.1664450,0.1560450,0.1424450
591.500,0.1700500,0.1586000,0.1450000,0.001485000,0.0007425000,0.1707925,0.1593425,0.1457425
592.000,0.1744000,0.1619000,0.1483000,0.001480000,0.0007400000,0.1751400,0.1626400,0.1490400
592.500,0.1787500,0.1652000,0.1516000,0.001475000,0.0007375000,0.1794875,0.1659375,0.1523375
593.000,0.1831000,0.1685200,0.1547200,0.001470000,0.0007350000,0.1838350,0.1692550,0.1554550
593.500,0.1874500,0.1718400,0.1578400,0.001465000,0.0007325000,0.1881825,0.1725725,0.1585725
594.000,0.1918000,0.1751600,0.1609600,0.001460000,0.0007300000,0.1925300,0.1758900,0.1616900
594.500,0.1961500,0.1784800,0.1640800,0.001455000,0.0007275000,0.1968775,0.1792075,0.1648075
595.000,0.2005000,0.1818000,0.1672000,0.001450000,0.0007250000,0.2012250,0.1825250,0.1679250
595.500,0.2048500,0.1871800,0.1722600,0.001445000,0.0007225000,0.2055725,0.1879025,0.1729825
596.000,0.2092000,0.1925600,0.1773200,0.001440000,0.0007200000,0.2099200,0.1932800,0.1780400
596.500,0.2135500,0.1979400,0.1823800,0.001435000,0.0007175000,0.2142675,0.1986575,0.1830975
597.000,0.2179000,0.2033200,0.1874400,0.001430000,0.0007150000,0.2186150,0.2040350,0.1881550
597.500,0.2222500,0.2087000,0.1925000,0.001425000,0.0007125000,0.2229625,0.2094125,0.1932125
598.000,0.2266000,0.2153000,0.1984800,0.001420000,0.0007100000,0.2273100,0.2160100,0.1991900
598.500,0.2309500,0.2219000,0.2044600,0.001415000,0.0007075000,0.2316575,0.2226075,0.2051675
599.000,0.2353000,0.2285000,0.2104400,0.001410000,0.0007050000,0.2360050,0.2292050,0.2111450
599.500,0.2396500,0.2351000,0.2164200,0.001405000,0.0007025000,0.2403525,0.2358025,0.2171225
600.000,0.2440000,0.2417000,0.2224000,0.001400000,0.0007000000,0.2447000,0.2424000,0.2231000
600.500,0.2462500,0.2467800,0.2273200,0.001395000,0.0006975000,0.2469475,0.2474775,0.2280175
601.000,0.2485000,0.2518600,0.2322400,0.001390000,0.0006950000,0.2491950,0.2525550,0.2329350
601.500,0.2507500,0.2569400,0.2371600,0.001385000,0.0006925000,0.2514425,0.2576325,0.2378525
602.000,0.2530000,0.2620200,0.2420800,0.001380000,0.0006900000,0.2536900,0.2627100,0.2427700
602.500,0.2552500,0.2671000,0.2470000,0.001375000,0.0006875000,0.2559375,0.2677875,0.2476875
603.000,0.2575000,0.2695800,0.2491400,0.001370000,0.0006850000,0.2581850,0.2702650,0.2498250
603.500,0.2597500,0.2720600,0.2512800,0.001365000,0.0006825000,0.2604325,0.2727425,0.2519625
604.000,0.2620000,0.2745400,0.2534200,0.001360000,0.0006800000,0.2626800,0.2752200,0.2541000
604.500,0.2642500,0.2770200,0.2555600,0.001355000,0.0006775000,0.2649275,0.2776975,0.2562375
605.000,0.2665000,0.2795000,0.2577000,0.001350000,0.0006750000,0.2671750,0.2801750,0.2583750
605.500,0.2687500,0.2804400,0.2587400,0.001345000,0.0006725000,0.2694225,0.2811125,0.2594125
606.000,0.2710000,0.2813800,0.2597800,0.001340000,0.0006700000,0.2716700,0.2820500,0.2604500
606.500,0.2732500,0.2823200,0.2608200,0.001335000,0.0006675000,0.2739175,0.2829875,0.2614875
607.000,0.2755000,0.2832600,0.2618600,0.001330000,0.0006650000,0.2761650,0.2839250,0.2625250
607.500,0.2777500,0.2842000,0.2629000,0.001325000,0.0006625000,0.2784125,0.2848625,0.2635625
608.000,0.2800000,0.2848800,0.2632000,0.001320000,0.0006600000,0.2806600,0.2855400,0.2638600
608.500,0.2822500,0.2855600,0.2635000,0.001315000,0.0006575000,0.2829075,0.2862175,0.2641575
609.000,0.2845000,0.2862400,0.2638000,0.001310000,0.0006550000,0.2851550,0.2868950,0.2644550
609.500,0.2867500,0.2869200,0.2641000,0.001305000,0.0006525000,0.2874025,0.2875725,0.2647525
610.000,0.2890000,0.2876000,0.2644000,0.001300000,0.0006500000,0.2896500,0.2882500,0.2650500
610.500,0.2900000,0.2877400,0.2648200,0.001295000,0.0006475000,0.2906475,0.2883875,0.2654675
611.000,0.2910000,0.2878800,0.2652400,0.001290000,0.0006450000,0.2916450,0.2885250,0.2658850
611.500,0.2920000,0.2880200,0.2656600,0.001285000,0.0006425000,0.2926425,0.2886625,0.2663025
612.000,0.2930000,0.2881600,0.2660800,0.001280000,0.0006400000,0.2936400,0.2888000,0.2667200
612.500,0.2940000,0.2883000,0.2665000,0.001275000,0.0006375000,0.2946375,0.2889375,0.2671375
613.000,0.2950000,0.2889600,0.2667600,0.001270000,0.0006350000,0.2956350,0.2895950,0.2673950
613.500,0.2960000,0.2896200,0.2670200,0.001265000,0.0006325000,0.2966325,0.2902525,0.2676525
614.000,0.2970000,0.2902800,0.2672800,0.001260000,0.0006300000,0.2976300,0.2909100,0.2679100
614.500,0.2980000,0.2909400,0.2675400,0.001255000,0.0006275000,0.2986275,0.2915675,0.2681675
615.000,0.2990000,0.2916000,0.2678000,0.001250000,0.0006250000,0.2996250,0.2922250,0.2684250
615.500,0.3000000,0.2915800,0.2683800,0.001245000,0.0006225000,0.3006225,0.2922025,0.2690025
616.000,0.3010000,0.2915600,0.2689600,0.001240000,0.0006200000,0.3016200,0.2921800,0.2695800
616.500,0.3020000,0.2915400,0.2695400,0.001235000,0.0006175000,0.3026175,0.2921575,0.2701575
617.000,0.3030000,0.2915200,0.2701200,0.001230000,0.0006150000,0.3036150,0.2921350,0.2707350
617.500,0.3040000,0.2915000,0.2707000,0.001225000,0.0006125000,0.3046125,0.2921125,0.2713125
618.000,0.3050000,0.2941400,0.2716600,0.001220000,0.0006100000,0.3056100,0.2947500,0.2722700
618.500,0.3060000,0.2967800,0.2726200,0.001215000,0.0006075000,0.3066075,0.2973875,0.2732275
619.000,0.3070000,0.2994200,0.2735800,0.001210000,0.0006050000,0.3076050,0.3000250,0.2741850
619.500,0.3080000,0.3020600,0.2745400,0.001205000,0.0006025000,0.3086025,0.3026625,0.2751425
620.000,0.3090000,0.3047000,0.2755000,0.001200000,0.0006000000,0.3096000,0.3053000,0.2761000
620.500,0.3095000,0.3054000,0.2766000,0.001195000,0.0005975000,0.3100975,0.3059975,0.2771975
621.000,0.3100000,0.3061000,0.2777000,0.001190000,0.0005950000,0.3105950,0.3066950,0.2782950
621.500,0.3105000,0.3068000,0.2788000,0.001185000,0.0005925000,0.3110925,0.3073925,0.2793925
622.000,0.3110000,0.3075000,0.2799000,0.001180000,0.0005900000,0.3115900,0.3080900,0.2804900
622.500,0.3115000,0.3082000,0.2810000,0.001175000,0.0005875000,0.3120875,0.3087875,0.2815875
623.000,0.3120000,0.3092600,0.2814800,0.001170000,0.0005850000,0.3125850,0.3098450,0.2820650
623.500,0.3125000,0.3103200,0.2819600,0.001165000,0.0005825000,0.3130825,0.3109025,0.2825425
624.000,0.3130000,0.3113800,0.2824400,0.001160000,0.0005800000,0.3135800,0.3119600,0.2830200
624.500,0.3135000,0.3124400,0.2829200,0.001155000,0.0005775000,0.3140775,0.3130175,0.2834975
625.000,0.3140000,0.3135000,0.2834000,0.001150000,0.0005750000,0.3145750,0.3140750,0.2839750
625.500,0.3145000,0.3144400,0.2848000,0.001145000,0.0005725000,0.3150725,0.3150125,0.2853725
626.000,0.3150000,0.3153800,0.2862000,0.001140000,0.0005700000,0.3155700,0.3159500,0.2867700
626.500,0.3155000,0.3163200,0.2876000,0.001135000,0.0005675000,0.3160675,0.3168875,0.2881675
627.000,0.3160000,0.3172600,0.2890000,0.001130000,0.0005650000,0.3165650,0.3178250,0.2895650
627.500,0.3165000,0.3182000,0.2904000,0.001125000,0.0005625000,0.3170625,0.3187625,0.2909625
628.000,0.3170000,0.3182400,0.2906400,0.001120000,0.0005600000,0.3175600,0.3188000,0.2912000
628.500,0.3175000,0.3182800,0.2908800,0.001115000,0.0005575000,0.3180575,0.3188375,0.2914375
629.000,0.3180000,0.3183200,0.2911200,0.001110000,0.0005550000,0.3185550,0.3188750,0.2916750
629.500,0.3185000,0.3183600,0.2913600,0.001105000,0.0005525000,0.3190525,0.3189125,0.2919125
630.000,0.3190000,0.3184000,0.2916000,0.001100000,0.0005500000,0.3195500,0.3189500,0.2921500
630.500,0.3195000,0.3203400,0.2931800,0.001095000,0.0005475000,0.3200475,0.3208875,0.2937275
631.000,0.3200000,0.3222800,0.2947600,0.001090000,0.0005450000,0.3205450,0.3228250,0.2953050
631.500,0.3205000,0.3242200,0.2963400,0.001085000,0.0005425000,0.3210425,0.3247625,0.2968825
632.000,0.3210000,0.3261600,0.2979200,0.001080000,0.0005400000,0.3215400,0.3267000,0.2984600
632.500,0.3215000,0.3281000,0.2995000,0.001075000,0.0005375000,0.3220375,0.3286375,0.3000375
633.000,0.3220000,0.3286600,0.2998400,0.001070000,0.0005350000,0.3225350,0.3291950,0.3003750
633.500,0.3225000,0.3292200,0.3001800,0.001065000,0.0005325000,0.3230325,0.3297525,0.3007125
634.000,0.3230000,0.3297800,0.3005200,0.001060000,0.0005300000,0.3235300,0.3303100,0.3010500
634.500,0.3235000,0.3303400,0.3008600,0.001055000,0.0005275000,0.3240275,0.3308675,0.3013875
635.000,0.3240000,0.3309000,0.3012000,0.001050000,0.0005250000,0.3245250,0.3314250,0.3017250
635.500,0.3245000,0.3315400,0.3025000,0.001045000,0.0005225000,0.3250225,0.3320625,0.3030225
636.000,0.3250000,0.3321800,0.3038000,0.001040000,0.0005200000,0.3255200,0.3327000,0.3043200
636.500,0.3255000,0.3328200,0.3051000,0.001035000,0.0005175000,0.3260175,0.3333375,0.3056175
637.000,0.3260000,0.3334600,0.3064000,0.001030000,0.0005150000,0.3265150,0.3339750,0.3069150
637.500,0.3265000,0.3341000,0.3077000,0.001025000,0.0005125000,0.3270125,0.3346125,0.3082125
638.000,0.3270000,0.3349200,0.3083200,0.001020000,0.0005100000,0.3275100,0.3354300,0.3088300
638.500,0.3275000,0.3357400,0.3089400,0.001015000,0.0005075000,0.3280075,0.3362475,0.3094475
639.000,0.3280000,0.3365600,0.3095600,0.001010000,0.0005050000,0.3285050,0.3370650,0.3100650
639.500,0.3285000,0.3373800,0.3101800,0.001005000,0.0005025000,0.3290025,0.3378825,0.3106825
640.000,0.3290000,0.3382000,0.3108000,0.001000000,0.0005000000,0.3295000,0.3387000,0.3113000
640.500,0.3300000,0.3402000,0.3130400,0.001000000,0.0005000000,0.3305000,0.3407000,0.3135400
641.000,0.3310000,0.3422000,0.3152800,0.001000000,0.0005000000,0.3315000,0.3427000,0.3157800
641.500,0.3320000,0.3442000,0.3175200,0.001000000,0.0005000000,0.3325000,0.3447000,0.3180200
642.000,0.3330000,0.3462000,0.3197600,0.001000000,0.0005000000,0.3335000,0.3467000,0.3202600
642.500,0.3340000,0.3482000,0.3220000,0.001000000,0.0005000000,0.3345000,0.3487000,0.3225000
643.000,0.3350000,0.3488200,0.3226000,0.001000000,0.0005000000,0.3355000,0.3493200,0.3231000
643.500,0.3360000,0.3494400,0.3232000,0.001000000,0.0005000000,0.3365000,0.3499400,0.3237000
644.000,0.3370000,0.3500600,0.3238000,0.001000000,0.0005000000,0.3375000,0.3505600,0.3243000
644.500,0.3380000,0.3506800,0.3244000,0.001000000,0.0005000000,0.3385000,0.3511800,0.3249000
645.000,0.3390000,0.3513000,0.3250000,0.001000000,0.0005000000,0.3395000,0.3518000,0.3255000
645.500,0.3400000,0.3525800,0.3270000,0.001000000,0.0005000000,0.3405000,0.3530800,0.3275000
646.000,0.3410000,0.3538600,0.3290000,0.001000000,0.0005000000,0.3415000,0.3543600,0.3295000
646.500,0.3420000,0.3551400,0.3310000,0.001000000,0.0005000000,0.3425000,0.3556400,0.3315000
647.000,0.3430000,0.3564200,0.3330000,0.001000000,0.0005000000,0.3435000,0.3569200,0.3335000
647.500,0.3440000,0.3577000,0.3350000,0.001000000,0.0005000000,0.3445000,0.3582000,0.3355000
648.000,0.3450000,0.3580400,0.3360000,0.001000000,0.0005000000,0.3455000,0.3585400,0.3365000
648.500,0.3460000,0.3583800,0.3370000,0.001000000,0.0005000000,0.3465000,0.3588800,0.3375000
649.000,0.3470000,0.3587200,0.3380000,0.001000000,0.0005000000,0.3475000,0.3592200,0.3385000
649.500,0.3480000,0.3590600,0.3390000,0.001000000,0.0005000000,0.3485000,0.3595600,0.3395000
650.000,0.3490000,0.3594000,0.3400000,0.001000000,0.0005000000,0.3495000,0.3599000,0.3405000
650.500,0.3515500,0.3635400,0.3436000,0.0009900000,0.0004950000,0.3520450,0.3640350,0.3440950
651.000,0.3541000,0.3676800,0.3472000,0.0009800000,0.0004900000,0.3545900,0.3681700,0.3476900
651.500,0.3566500,0.3718200,0.3508000,0.0009700000,0.0004850000,0.3571350,0.3723050,0.3512850
652.000,0.3592000,0.3759600,0.3544000,0.0009600000,0.0004800000,0.3596800,0.3764400,0.3548800
652.500,0.3617500,0.3801000,0.3580000,0.0009500000,0.0004750000,0.3622250,0.3805750,0.3584750
653.000,0.3643000,0.3811200,0.3606000,0.0009400000,0.0004700000,0.3647700,0.3815900,0.3610700
653.500,0.3668500,0.3821400,0.3632000,0.0009300000,0.0004650000,0.3673150,0.3826050,0.3636650
654.000,0.3694000,0.3831600,0.3658000,0.0009200000,0.0004600000,0.3698600,0.3836200,0.3662600
654.500,0.3719500,0.3841800,0.3684000,0.0009100000,0.0004550000,0.3724050,0.3846350,0.3688550
655.000,0.3745000,0.3852000,0.3710000,0.0009000000,0.0004500000,0.3749500,0.3856500,0.3714500
655.500,0.3770500,0.3892200,0.3754000,0.0008900000,0.0004450000,0.3774950,0.3896650,0.3758450
656.000,0.3796000,0.3932400,0.3798000,0.0008800000,0.0004400000,0.3800400,0.3936800,0.3802400
656.500,0.3821500,0.3972600,0.3842000,0.0008700000,0.0004350000,0.3825850,0.3976950,0.3846350
657.000,0.3847000,0.4012800,0.3886000,0.0008600000,0.0004300000,0.3851300,0.4017100,0.3890300
657.500,0.3872500,0.4053000,0.3930000,0.0008500000,0.0004250000,0.3876750,0.4057250,0.3934250
658.000,0.3898000,0.4084800,0.3964000,0.0008400000,0.0004200000,0.3902200,0.4089000,0.3968200
658.500,0.3923500,0.4116600,0.3998000,0.0008300000,0.0004150000,0.3927650,0.4120750,0.4002150
659.000,0.3949000,0.4148400,0.4032000,0.0008200000,0.0004100000,0.3953100,0.4152500,0.4036100
659.500,0.3974500,0.4180200,0.4066000,0.0008100000,0.0004050000,0.3978550,0.4184250,0.4070050
660.000,0.4000000,0.4212000,0.4100000,0.0008000000,0.0004000000,0.4004000,0.4216000,0.4104000
660.500,0.4015000,0.4230200,0.4128000,0.0008000000,0.0004000000,0.4019000,0.4234200,0.4132000
661.000,0.4030000,0.4248400,0.4156000,0.0008000000,0.0004000000,0.4034000,0.4252400,0.4160000
661.500,0.4045000,0.4266600,0.4184000,0.0008000000,0.0004000000,0.4049000,0.4270600,0.4188000
662.000,0.4060000,0.4284800,0.4212000,0.0008000000,0.0004000000,0.4064000,0.4288800,0.4216000
662.500,0.4075000,0.4303000,0.4240000,0.0008000000,0.0004000000,0.4079000,0.4307000,0.4244000
663.000,0.4090000,0.4304600,0.4250000,0.0008000000,0.0004000000,0.4094000,0.4308600,0.4254000
663.500,0.4105000,0.4306200,0.4260000,0.0008000000,0.0004000000,0.4109000,0.4310200,0.4264000
664.000,0.4120000,0.4307800,0.4270000,0.0008000000,0.0004000000,0.4124000,0.4311800,0.4274000
664.500,0.4135000,0.4309400,0.4280000,0.0008000000,0.0004000000,0.4139000,0.4313400,0.4284000
665.000,0.4150000,0.4311000,0.4290000,0.0008000000,0.0004000000,0.4154000,0.4315000,0.4294000
665.500,0.4165000,0.4321600,0.4304000,0.0008000000,0.0004000000,0.4169000,0.4325600,0.4308000
666.000,0.4180000,0.4332200,0.4318000,0.0008000000,0.0004000000,0.4184000,0.4336200,0.4322000
666.500,0.4195000,0.4342800,0.4332000,0.0008000000,0.0004000000,0.4199000,0.4346800,0.4336000
667.000,0.4210000,0.4353400,0.4346000,0.0008000000,0.0004000000,0.4214000,0.4357400,0.4350000
667.500,0.4225000,0.4364000,0.4360000,0.0008000000,0.0004000000,0.4229000,0.4368000,0.4364000
668.000,0.4240000,0.4360400,0.4366000,0.0008000000,0.0004000000,0.4244000,0.4364400,0.4370000
668.500,0.4255000,0.4356800,0.4372000,0.0008000000,0.0004000000,0.4259000,0.4360800,0.4376000
669.000,0.4270000,0.4353200,0.4378000,0.0008000000,0.0004000000,0.4274000,0.4357200,0.4382000
669.500,0.4285000,0.4349600,0.4384000,0.0008000000,0.0004000000,0.4289000,0.4353600,0.4388000
670.000,0.4300000,0.4346000,0.4390000,0.0008000000,0.0004000000,0.4304000,0.4350000,0.4394000
670.500,0.4310000,0.4363200,0.4408000,0.0007950000,0.0003975000,0.4313975,0.4367175,0.4411975
671.000,0.4320000,0.4380400,0.4426000,0.0007900000,0.0003950000,0.4323950,0.4384350,0.4429950
671.500,0.4330000,0.4397600,0.4444000,0.0007850000,0.0003925000,0.4333925,0.4401525,0.4447925
672.000,0.4340000,0.4414800,0.4462000,0.0007800000,0.0003900000,0.4343900,0.4418700,0.4465900
672.500,0.4350000,0.4432000,0.4480000,0.0007750000,0.0003875000,0.4353875,0.4435875,0.4483875
673.000,0.4360000,0.4423600,0.4480000,0.0007700000,0.0003850000,0.4363850,0.4427450,0.4483850
673.500,0.4370000,0.4415200,0.4480000,0.0007650000,0.0003825000,0.4373825,0.4419025,0.4483825
674.000,0.4380000,0.4406800,0.4480000,0.0007600000,0.0003800000,0.4383800,0.4410600,0.4483800
674.500,0.4390000,0.4398400,0.4480000,0.0007550000,0.0003775000,0.4393775,0.4402175,0.4483775
675.000,0.4400000,0.4390000,0.4480000,0.0007500000,0.0003750000,0.4403750,0.4393750,0.4483750
675.500,0.4410000,0.4412600,0.4506000,0.0007450000,0.0003725000,0.4413725,0.4416325,0.4509725
676.000,0.4420000,0.4435200,0.4532000,0.0007400000,0.0003700000,0.4423700,0.4438900,0.4535700
676.500,0.4430000,0.4457800,0.4558000,0.0007350000,0.0003675000,0.4433675,0.4461475,0.4561675
677.000,0.4440000,0.4480400,0.4584000,0.0007300000,0.0003650000,0.4443650,0.4484050,0.4587650
677.500,0.4450000,0.4503000,0.4610000,0.0007250000,0.0003625000,0.4453625,0.4506625,0.4613625
678.000,0.4460000,0.4507200,0.4618000,0.0007200000,0.0003600000,0.4463600,0.4510800,0.4621600
678.500,0.4470000,0.4511400,0.4626000,0.0007150000,0.0003575000,0.4473575,0.4514975,0.4629575
679.000,0.4480000,0.4515600,0.4634000,0.0007100000,0.0003550000,0.4483550,0.4519150,0.4637550
679.500,0.4490000,0.4519800,0.4642000,0.0007050000,0.0003525000,0.4493525,0.4523325,0.4645525
680.000,0.4500000,0.4524000,0.4650000,0.0007000000,0.0003500000,0.4503500,0.4527500,0.4653500
680.500,0.4525000,0.4547200,0.4676000,0.0007000000,0.0003500000,0.4528500,0.4550700,0.4679500
681.000,0.4550000,0.4570400,0.4702000,0.0007000000,0.0003500000,0.4553500,0.4573900,0.4705500
681.500,0.4575000,0.4593600,0.4728000,0.0007000000,0.0003500000,0.4578500,0.4597100,0.4731500
682.000,0.4600000,0.4616800,0.4754000,0.0007000000,0.0003500000,0.4603500,0.4620300,0.4757500
682.500,0.4625000,0.4640000,0.4780000,0.0007000000,0.0003500000,0.4628500,0.4643500,0.4783500
683.000,0.4650000,0.4650000,0.4796000,0.0007000000,0.0003500000,0.4653500,0.4653500,0.4799500
683.500,0.4675000,0.4660000,0.4812000,0.0007000000,0.0003500000,0.4678500,0.4663500,0.4815500
684.000,0.4700000,0.4670000,0.4828000,0.0007000000,0.0003500000,0.4703500,0.4673500,0.4831500
684.500,0.4725000,0.4680000,0.4844000,0.0007000000,0.0003500000,0.4728500,0.4683500,0.4847500
685.000,0.4750000,0.4690000,0.4860000,0.0007000000,0.0003500000,0.4753500,0.4693500,0.4863500
685.500,0.4775000,0.4718000,0.4892000,0.0007000000,0.0003500000,0.4778500,0.4721500,0.4895500
686.000,0.4800000,0.4746000,0.4924000,0.0007000000,0.0003500000,0.4803500,0.4749500,0.4927500
686.500,0.4825000,0.4774000,0.4956000,0.0007000000,0.0003500000,0.4828500,0.4777500,0.4959500
687.000,0.4850000,0.4802000,0.4988000,0.0007000000,0.0003500000,0.4853500,0.4805500,0.4991500
687.500,0.4875000,0.4830000,0.5020000,0.0007000000,0.0003500000,0.4878500,0.4833500,0.5023500
688.000,0.4900000,0.4849800,0.5048000,0.0007000000,0.0003500000,0.4903500,0.4853300,0.5051500
688.500,0.4925000,0.4869600,0.5076000,0.0007000000,0.0003500000,0.4928500,0.4873100,0.5079500
689.000,0.4950000,0.4889400,0.5104000,0.0007000000,0.0003500000,0.4953500,0.4892900,0.5107500
689.500,0.4975000,0.4909200,0.5132000,0.0007000000,0.0003500000,0.4978500,0.4912700,0.5135500
690.000,0.5000000,0.4929000,0.5160000,0.0007000000,0.0003500000,0.5003500,0.4932500,0.5163500
690.500,0.5075000,0.4973200,0.5204000,0.0007000000,0.0003500000,0.5078500,0.4976700,0.5207500
691.000,0.5150000,0.5017400,0.5248000,0.0007000000,0.0003500000,0.5153500,0.5020900,0.5251500
691.500,0.5225000,0.5061600,0.5292000,0.0007000000,0.0003500000,0.5228500,0.5065100,0.5295500
692.000,0.5300000,0.5105800,0.5336000,0.0007000000,0.0003500000,0.5303500,0.5109300,0.5339500
692.500,0.5375000,0.5150000,0.5380000,0.0007000000,0.0003500000,0.5378500,0.5153500,0.5383500
693.000,0.5450000,0.5181000,0.5422000,0.0007000000,0.0003500000,0.5453500,0.5184500,0.5425500
693.500,0.5525000,0.5212000,0.5464000,0.0007000000,0.0003500000,0.5528500,0.5215500,0.5467500
694.000,0.5600000,0.5243000,0.5506000,0.0007000000,0.0003500000,0.5603500,0.5246500,0.5509500
694.500,0.5675000,0.5274000,0.5548000,0.0007000000,0.0003500000,0.5678500,0.5277500,0.5551500
695.000,0.5750000,0.5305000,0.5590000,0.0007000000,0.0003500000,0.5753500,0.5308500,0.5593500
695.500,0.5825000,0.5358800,0.5656000,0.0007000000,0.0003500000,0.5828500,0.5362300,0.5659500
696.000,0.5900000,0.5412600,0.5722000,0.0007000000,0.0003500000,0.5903500,0.5416100,0.5725500
696.500,0.5975000,0.5466400,0.5788000,0.0007000000,0.0003500000,0.5978500,0.5469900,0.5791500
697.000,0.6050000,0.5520200,0.5854000,0.0007000000,0.0003500000,0.6053500,0.5523700,0.5857500
697.500,0.6125000,0.5574000,0.5920000,0.0007000000,0.0003500000,0.6128500,0.5577500,0.5923500
698.000,0.6200000,0.5627000,0.5984000,0.0007000000,0.0003500000,0.6203500,0.5630500,0.5987500
698.500,0.6275000,0.5680000,0.6048000,0.0007000000,0.0003500000,0.6278500,0.5683500,0.6051500
699.000,0.6350000,0.5733000,0.6112000,0.0007000000,0.0003500000,0.6353500,0.5736500,0.6115500
699.500,0.6425000,0.5786000,0.6176000,0.0007000000,0.0003500000,0.6428500,0.5789500,0.6179500
700.000,0.6500000,0.5839000,0.6240000,0.0007000000,0.0003500000,0.6503500,0.5842500,0.6243500
700.500,0.6594500,0.5912400,0.6318000,0.0007000000,0.0003500000,0.6598000,0.5915900,0.6321500
701.000,0.6689000,0.5985800,0.6396000,0.0007000000,0.0003500000,0.6692500,0.5989300,0.6399500
701.500,0.6783500,0.6059200,0.6474000,0.0007000000,0.0003500000,0.6787000,0.6062700,0.6477500
702.000,0.6878000,0.6132600,0.6552000,0.0007000000,0.0003500000,0.6881500,0.6136100,0.6555500
702.500,0.6972500,0.6206000,0.6630000,0.0007000000,0.0003500000,0.6976000,0.6209500,0.6633500
703.000,0.7067000,0.6271400,0.6712000,0.0007000000,0.0003500000,0.7070500,0.6274900,0.6715500
703.500,0.7161500,0.6336800,0.6794000,0.0007000000,0.0003500000,0.7165000,0.6340300,0.6797500
704.000,0.7256000,0.6402200,0.6876000,0.0007000000,0.0003500000,0.7259500,0.6405700,0.6879500
704.500,0.7350500,0.6467600,0.6958000,0.0007000000,0.0003500000,0.7354000,0.6471100,0.6961500
705.000,0.7445000,0.6533000,0.7040000,0.0007000000,0.0003500000,0.7448500,0.6536500,0.7043500
705.500,0.7539500,0.6621000,0.7144000,0.0007000000,0.0003500000,0.7543000,0.6624500,0.7147500
706.000,0.7634000,0.6709000,0.7248000,0.0007000000,0.0003500000,0.7637500,0.6712500,0.7251500
706.500,0.7728500,0.6797000,0.7352000,0.0007000000,0.0003500000,0.7732000,0.6800500,0.7355500
707.000,0.7823000,0.6885000,0.7456000,0.0007000000,0.0003500000,0.7826500,0.6888500,0.7459500
707.500,0.7917500,0.6973000,0.7560000,0.0007000000,0.0003500000,0.7921000,0.6976500,0.7563500
708.000,0.8012000,0.7090600,0.7702000,0.0007000000,0.0003500000,0.8015500,0.7094100,0.7705500
708.500,0.8106500,0.7208200,0.7844000,0.0007000000,0.0003500000,0.8110000,0.7211700,0.7847500
709.000,0.8201000,0.7325800,0.7986000,0.0007000000,0.0003500000,0.8204500,0.7329300,0.7989500
709.500,0.8295500,0.7443400,0.8128000,0.0007000000,0.0003500000,0.8299000,0.7446900,0.8131500
710.000,0.8390000,0.7561000,0.8270000,0.0007000000,0.0003500000,0.8393500,0.7564500,0.8273500
710.500,0.8555000,0.7697600,0.8444000,0.0006950000,0.0003475000,0.8558475,0.7701075,0.8447475
711.000,0.8720000,0.7834200,0.8618000,0.0006900000,0.0003450000,0.8723450,0.7837650,0.8621450
711.500,0.8885000,0.7970800,0.8792000,0.0006850000,0.0003425000,0.8888425,0.7974225,0.8795425
712.000,0.9050000,0.8107400,0.8966000,0.0006800000,0.0003400000,0.9053400,0.8110800,0.8969400
712.500,0.9215000,0.8244000,0.9140000,0.0006750000,0.0003375000,0.9218375,0.8247375,0.9143375
713.000,0.9380000,0.8401000,0.9326000,0.0006700000,0.0003350000,0.9383350,0.8404350,0.9329350
713.500,0.9545000,0.8558000,0.9512000,0.0006650000,0.0003325000,0.9548325,0.8561324,0.9515325
714.000,0.9710000,0.8715000,0.9698000,0.0006600000,0.0003300000,0.9713300,0.8718300,0.9701300
714.500,0.9875000,0.8872000,0.9884000,0.0006550000,0.0003275000,0.9878275,0.8875275,0.9887275
715.000,1.004000,0.9029000,1.007000,0.0006500000,0.0003250000,1.004325,0.9032250,1.007325
715.500,1.020500,0.9205800,1.029400,0.0006450000,0.0003225000,1.020822,0.9209026,1.029722
716.000,1.037000,0.9382600,1.051800,0.0006400000,0.0003200000,1.037320,0.9385800,1.052120
716.500,1.053500,0.9559400,1.074200,0.0006350000,0.0003175000,1.053818,0.9562575,1.074517
717.000,1.070000,0.9736200,1.096600,0.0006300000,0.0003150000,1.070315,0.9739350,1.096915
717.500,1.086500,0.9913000,1.119000,0.0006250000,0.0003125000,1.086812,0.9916125,1.119312
718.000,1.103000,1.007940,1.141400,0.0006200000,0.0003100000,1.103310,1.008250,1.141710
718.500,1.119500,1.024580,1.163800,0.0006150000,0.0003075000,1.119807,1.024887,1.164107
719.000,1.136000,1.041220,1.186200,0.0006100000,0.0003050000,1.136305,1.041525,1.186505
719.500,1.152500,1.057860,1.208600,0.0006050000,0.0003025000,1.152803,1.058163,1.208903
720.000,1.169000,1.074500,1.231000,0.0006000000,0.0003000000,1.169300,1.074800,1.231300
720.500,1.200500,1.094300,1.256000,0.0006000000,0.0003000000,1.200800,1.094600,1.256300
721.000,1.232000,1.114100,1.281000,0.0006000000,0.0003000000,1.232300,1.114400,1.281300
721.500,1.263500,1.133900,1.306000,0.0006000000,0.0003000000,1.263800,1.134200,1.306300
722.000,1.295000,1.153700,1.331000,0.0006000000,0.0003000000,1.295300,1.154000,1.331300
722.500,1.326500,1.173500,1.356000,0.0006000000,0.0003000000,1.326800,1.173800,1.356300
723.000,1.358000,1.194560,1.382600,0.0006000000,0.0003000000,1.358300,1.194860,1.382900
723.500,1.389500,1.215620,1.409200,0.0006000000,0.0003000000,1.389800,1.215920,1.409500
724.000,1.421000,1.236680,1.435800,0.0006000000,0.0003000000,1.421300,1.236980,1.436100
724.500,1.452500,1.257740,1.462400,0.0006000000,0.0003000000,1.452800,1.258040,1.462700
725.000,1.484000,1.278800,1.489000,0.0006000000,0.0003000000,1.484300,1.279100,1.489300
725.500,1.515500,1.308840,1.526800,0.0006000000,0.0003000000,1.515800,1.309140,1.527100
726.000,1.547000,1.338880,1.564600,0.0006000000,0.0003000000,1.547300,1.339180,1.564900
726.500,1.578500,1.368920,1.602400,0.0006000000,0.0003000000,1.578800,1.369220,1.602700
727.000,1.610000,1.398960,1.640200,0.0006000000,0.0003000000,1.610300,1.399260,1.640500
727.500,1.641500,1.429000,1.678000,0.0006000000,0.0003000000,1.641800,1.429300,1.678300
728.000,1.673000,1.464580,,0.0006000000,0.0003000000,1.673300,1.464880,
728.500,1.704500,1.500160,,0.0006000000,0.0003000000,1.704800,1.500460,
729.000,1.736000,1.535740,,0.0006000000,0.0003000000,1.736300,1.536040,
729.500,1.767500,1.571320,,0.0006000000,0.0003000000,1.767800,1.571620,
730.000,1.799000,1.606900,,0.0006000000,0.0003000000,1.799300,1.607200,
730.500,1.828050,1.650700,,0.0006000000,0.0003000000,1.828350,1.651000,
731.000,1.857100,1.694500,,0.0006000000,0.0003000000,1.857400,1.694800,
731.500,1.886150,1.738300,,0.0006000000,0.0003000000,1.886450,1.738600,
732.000,1.915200,1.782100,,0.0006000000,0.0003000000,1.915500,1.782400,
732.500,1.944250,1.825900,,0.0006000000,0.0003000000,1.944550,1.826200,
733.000,1.973300,1.853200,,0.0006000000,0.0003000000,1.973600,1.853500,
733.500,2.002350,1.880500,,0.0006000000,0.0003000000,2.002650,1.880800,
734.000,2.031400,1.907800,,0.0006000000,0.0003000000,2.031700,1.908100,
734.500,2.060450,1.935100,,0.0006000000,0.0003000000,2.060750,1.935400,
735.000,2.089500,1.962400,,0.0006000000,0.0003000000,2.089800,1.962700,
735.500,2.118550,1.977500,,0.0006000000,0.0003000000,2.118850,1.977800,
736.000,2.147600,1.992600,,0.0006000000,0.0003000000,2.147900,1.992900,
736.500,2.176650,2.007700,,0.0006000000,0.0003000000,2.176950,2.008000,
737.000,2.205700,2.022800,,0.0006000000,0.0003000000,2.206000,2.023100,
737.500,2.234750,2.037900,,0.0006000000,0.0003000000,2.235050,2.038200,
738.000,2.263800,2.059440,,0.0006000000,0.0003000000,2.264100,2.059740,
738.500,2.292850,2.080980,,0.0006000000,0.0003000000,2.293150,2.081280,
739.000,2.321900,2.102520,,0.0006000000,0.0003000000,2.322200,2.102820,
739.500,2.350950,2.124060,,0.0006000000,0.0003000000,2.351250,2.124360,
740.000,2.380000,2.145600,,0.0006000000,0.0003000000,2.380300,2.145900,
740.500,2.384500,2.161100,,0.0005950000,0.0002975000,2.384798,2.161397,
741.000,2.389000,2.176600,,0.0005900000,0.0002950000,2.389295,2.176895,
741.500,2.393500,2.192100,,0.0005850000,0.0002925000,2.393793,2.192393,
742.000,2.398000,2.207600,,0.0005800000,0.0002900000,2.398290,2.207890,
742.500,2.402500,2.223100,,0.0005750000,0.0002875000,2.402787,2.223387,
743.000,2.407000,2.206940,,0.0005700000,0.0002850000,2.407285,2.207225,
743.500,2.411500,2.190780,,0.0005650000,0.0002825000,2.411783,2.191062,
744.000,2.416000,2.174620,,0.0005600000,0.0002800000,2.416280,2.174900,
744.500,2.420500,2.158460,,0.0005550000,0.0002775000,2.420778,2.158737,
745.000,2.425000,2.142300,,0.0005500000,0.0002750000,2.425275,2.142575,
745.500,2.429500,2.146680,,0.0005450000,0.0002725000,2.429773,2.146953,
746.000,2.434000,2.151060,,0.0005400000,0.0002700000,2.434270,2.151330,
746.500,2.438500,2.155440,,0.0005350000,0.0002675000,2.438767,2.155708,
747.000,2.443000,2.159820,,0.0005300000,0.0002650000,2.443265,2.160085,
747.500,2.447500,2.164200,,0.0005250000,0.0002625000,2.447762,2.164463,
748.000,2.452000,2.170360,,0.0005200000,0.0002600000,2.452260,2.170620,
748.500,2.456500,2.176520,,0.0005150000,0.0002575000,2.456758,2.176778,
749.000,2.461000,2.182680,,0.0005100000,0.0002550000,2.461255,2.182935,
749.500,2.465500,2.188840,,0.0005050000,0.0002525000,2.465753,2.189092,
750.000,2.470000,2.195000,,0.0005000000,0.0002500000,2.470250,2.195250,
750.500,2.474000,,,0.0005000000,0.0002500000,2.474250,,
751.000,2.478000,,,0.0005000000,0.0002500000,2.478250,,
751.500,2.482000,,,0.0005000000,0.0002500000,2.482250,,
752.000,2.486000,,,0.0005000000,0.0002500000,2.486250,,
752.500,2.490000,,,0.0005000000,0.0002500000,2.490250,,
753.000,2.494000,,,0.0005000000,0.0002500000,2.494250,,
753.500,2.498000,,,0.0005000000,0.0002500000,2.498250,,
754.000,2.502000,,,0.0005000000,0.0002500000,2.502250,,
754.500,2.506000,,,0.0005000000,0.0002500000,2.506250,,
755.000,2.510000,,,0.0005000000,0.0002500000,2.510250,,
755.500,2.514000,,,0.0005000000,0.0002500000,2.514250,,
756.000,2.518000,,,0.0005000000,0.0002500000,2.518250,,
756.500,2.522000,,,0.0005000000,0.0002500000,2.522250,,
757.000,2.526000,,,0.0005000000,0.0002500000,2.526250,,
757.500,2.530000,,,0.0005000000,0.0002500000,2.530250,,
758.000,2.534000,,,0.0005000000,0.0002500000,2.534250,,
758.500,2.538000,,,0.0005000000,0.0002500000,2.538250,,
759.000,2.542000,,,0.0005000000,0.0002500000,2.542250,,
759.500,2.546000,,,0.0005000000,0.0002500000,2.546250,,
760.000,2.550000,,,0.0005000000,0.0002500000,2.550250,,
760.500,2.548000,,,0.0005000000,0.0002500000,2.548250,,
761.000,2.546000,,,0.0005000000,0.0002500000,2.546250,,
761.500,2.544000,,,0.0005000000,0.0002500000,2.544250,,
762.000,2.542000,,,0.0005000000,0.0002500000,2.542250,,
762.500,2.540000,,,0.0005000000,0.0002500000,2.540250,,
763.000,2.538000,,,0.0005000000,0.0002500000,2.538250,,
763.500,2.536000,,,0.0005000000,0.0002500000,2.536250,,
764.000,2.534000,,,0.0005000000,0.0002500000,2.534250,,
764.500,2.532000,,,0.0005000000,0.0002500000,2.532250,,
765.000,2.530000,,,0.0005000000,0.0002500000,2.530250,,
765.500,2.528000,,,0.0005000000,0.0002500000,2.528250,,
766.000,2.526000,,,0.0005000000,0.0002500000,2.526250,,
766.500,2.524000,,,0.0005000000,0.0002500000,2.524250,,
767.000,2.522000,,,0.0005000000,0.0002500000,2.522250,,
767.500,2.520000,,,0.0005000000,0.0002500000,2.520250,,
768.000,2.518000,,,0.0005000000,0.0002500000,2.518250,,
768.500,2.516000,,,0.0005000000,0.0002500000,2.516250,,
769.000,2.514000,,,0.0005000000,0.0002500000,2.514250,,
769.500,2.512000,,,0.0005000000,0.0002500000,2.512250,,
770.000,2.510000,,,0.0005000000,0.0002500000,2.510250,,
770.500,2.502500,,,0.0004950000,0.0002475000,2.502748,,
771.000,2.495000,,,0.0004900000,0.0002450000,2.495245,,
771.500,2.487500,,,0.0004850000,0.0002425000,2.487742,,
772.000,2.480000,,,0.0004800000,0.0002400000,2.480240,,
772.500,2.472500,,,0.0004750000,0.0002375000,2.472738,,
773.000,2.465000,,,0.0004700000,0.0002350000,2.465235,,
773.500,2.457500,,,0.0004650000,0.0002325000,2.457732,,
774.000,2.450000,,,0.0004600000,0.0002300000,2.450230,,
774.500,2.442500,,,0.0004550000,0.0002275000,2.442728,,
775.000,2.435000,,,0.0004500000,0.0002250000,2.435225,,
775.500,2.427500,,,0.0004450000,0.0002225000,2.427722,,
776.000,2.420000,,,0.0004400000,0.0002200000,2.420220,,
776.500,2.412500,,,0.0004350000,0.0002175000,2.412717,,
777.000,2.405000,,,0.0004300000,0.0002150000,2.405215,,
777.500,2.397500,,,0.0004250000,0.0002125000,2.397712,,
778.000,2.390000,,,0.0004200000,0.0002100000,2.390210,,
778.500,2.382500,,,0.0004150000,0.0002075000,2.382707,,
779.000,2.375000,,,0.0004100000,0.0002050000,2.375205,,
779.500,2.367500,,,0.0004050000,0.0002025000,2.367702,,
780.000,2.360000,,,0.0004000000,0.0002000000,2.360200,,
780.500,2.350000,,,0.0004000000,0.0002000000,2.350200,,
781.000,2.340000,,,0.0004000000,0.0002000000,2.340200,,
781.500,2.330000,,,0.0004000000,0.0002000000,2.330200,,
782.000,2.320000,,,0.0004000000,0.0002000000,2.320200,,
782.500,2.310000,,,0.0004000000,0.0002000000,2.310200,,
783.000,2.300000,,,0.0004000000,0.0002000000,2.300200,,
783.500,2.290000,,,0.0004000000,0.0002000000,2.290200,,
784.000,2.280000,,,0.0004000000,0.0002000000,2.280200,,
784.500,2.270000,,,0.0004000000,0.0002000000,2.270200,,
785.000,2.260000,,,0.0004000000,0.0002000000,2.260200,,
785.500,2.250000,,,0.0004000000,0.0002000000,2.250200,,
786.000,2.240000,,,0.0004000000,0.0002000000,2.240200,,
786.500,2.230000,,,0.0004000000,0.0002000000,2.230200,,
787.000,2.220000,,,0.0004000000,0.0002000000,2.220200,,
787.500,2.210000,,,0.0004000000,0.0002000000,2.210200,,
788.000,2.200000,,,0.0004000000,0.0002000000,2.200200,,
788.500,2.190000,,,0.0004000000,0.0002000000,2.190200,,
789.000,2.180000,,,0.0004000000,0.0002000000,2.180200,,
789.500,2.170000,,,0.0004000000,0.0002000000,2.170200,,
790.000,2.160000,,,0.0004000000,0.0002000000,2.160200,,
790.500,2.155500,,,0.0004000000,0.0002000000,2.155700,,
791.000,2.151000,,,0.0004000000,0.0002000000,2.151200,,
791.500,2.146500,,,0.0004000000,0.0002000000,2.146700,,
792.000,2.142000,,,0.0004000000,0.0002000000,2.142200,,
792.500,2.137500,,,0.0004000000,0.0002000000,2.137700,,
793.000,2.133000,,,0.0004000000,0.0002000000,2.133200,,
793.500,2.128500,,,0.0004000000,0.0002000000,2.128700,,
794.000,2.124000,,,0.0004000000,0.0002000000,2.124200,,
794.500,2.119500,,,0.0004000000,0.0002000000,2.119700,,
795.000,2.115000,,,0.0004000000,0.0002000000,2.115200,,
795.500,2.110500,,,0.0004000000,0.0002000000,2.110700,,
796.000,2.106000,,,0.0004000000,0.0002000000,2.106200,,
796.500,2.101500,,,0.0004000000,0.0002000000,2.101700,,
797.000,2.097000,,,0.0004000000,0.0002000000,2.097200,,
797.500,2.092500,,,0.0004000000,0.0002000000,2.092700,,
798.000,2.088000,,,0.0004000000,0.0002000000,2.088200,,
798.500,2.083500,,,0.0004000000,0.0002000000,2.083700,,
799.000,2.079000,,,0.0004000000,0.0002000000,2.079200,,
799.500,2.074500,,,0.0004000000,0.0002000000,2.074700,,
800.000,2.070000,,,0.0004000000,0.0002000000,2.070200,,
